x_0,x_1
-43.4375420359778,-146.7760885149713
-147.89723937043271,26.33693579381969
-116.97567204428935,-27.583656458559958
-104.19158365254502,-147.46071611673713
-23.58878330375724,-95.85661056625666
-85.8693478439913,41.20257512857228
-120.01870630048973,-88.55484190265918
-7.102889916251343,-35.2773859879418
133.7477478549253,51.223471283183756
86.26605609261162,-87.62320543379766
-125.46295154097234,49.32514325119547
-86.53375965898783,49.20686212058405
79.54195103628169,2.055873804631517
95.68269360184908,-114.92274082851296
-145.34814830827162,-26.309133103631083
14.81599614108248,86.62440107021575
-23.86389501760715,47.33454279369627
38.04934168069994,-38.55087524093757
50.29467744570036,-2.198685145454249
110.16334303350499,-146.52784934459402
-80.6665829738863,46.848986577965235
4.983691513665377,80.97548812032343
86.11195333293841,86.9527088982295
-25.89060228422011,-77.25596658406381
111.61001823885312,-95.20982332274352
-29.85756270237968,-24.08406751981302
-49.82108373561839,116.83790134070432
-128.51906268912674,19.116926407530826
-131.8024228985838,-123.81563116495042
-77.58507620044487,-100.4948558089769
-78.85163187127209,-95.57187114857263
-101.54416741132934,-138.92389764301123
-86.45954492375785,-73.10195500806701
86.36372206238678,34.27186015230515
110.71816653477794,7.373815498626328
123.07821744994862,81.64916981002449
-139.86941959527348,-11.419972993786047
110.51209542799927,11.728741329897417
23.833765242717476,14.65839531212896
-37.760633460789265,-6.6970341962512805
60.8068874446231,91.96058340623202
81.15279047949281,-67.68381773202732
-23.52284503888123,146.15832415244927
-126.31298500933309,113.72861702165994
41.178542592061774,-124.85835431352108
-103.13231650553908,-64.38478944029117
-132.0582313450126,41.184748590760904
-146.44822856072886,140.1527781812669
-81.48869984052497,48.44596187270082
145.9403364168524,-42.44964257313609
122.7062389869676,89.22517642118606
99.6775317062918,-4.752995990285115
60.33924957876849,48.16236843203092
-11.756822193825087,-2.6246593741342394
98.55685209758187,-38.70477890247544
14.869184038799347,88.38529154318906
-20.866377258554508,37.651438228776016
-111.48554642501915,98.45230113863391
-20.928632059904317,68.74804963902204
-4.172857132843063,-147.0821649655513
63.24639595948156,110.54438044563545
-59.176212048536016,37.20392268449186
-32.87470341503895,121.49491319382577
34.43260622718597,31.679179611360553
-120.54384957770809,58.913471085518495
-9.313299013114943,76.23151537287441
-43.35975523192391,-44.98819453650047
-74.30076054804435,-140.0574598483451
-55.71377949814685,20.537732393000027
-66.60848637383351,-23.095991938903865
-130.45160851455475,27.527663647364676
-90.42635320171595,118.0868857955669
-76.60417688830628,146.01623072148908
-7.504088196035582,-69.02084260156384
103.13287051375215,-87.4722637533144
-7.668979835044979,-143.822464502691
-59.173705891587346,-84.84319751742295
-136.91296278078775,53.62334490071166
-120.26175998679888,107.92508291137483
-79.86210136113303,-136.4554972065763
-135.16196017080014,4.054845606317571
-145.61451642859075,-73.77209847561092
-91.809535419779,54.84019201314959
-50.82346480349065,141.86914138178076
14.069875512273,-23.96359763426173
-118.08289229822627,-51.26429821880353
10.778219700065847,100.92812743129804
-56.383695066963725,-98.66844883111422
78.35433063584966,111.85112641724726
-60.50487811419495,-6.8138891054098565
-98.1000474824304,-112.45712339018891
20.647278044955158,-73.42629832971605
-25.05225236089197,-58.27160198131985
30.84991590427768,136.850175414788
-138.50797746929052,-115.23507652716084
-133.72600170099736,30.559525067167783
19.07842665834221,-89.2457161762084
21.360814299416973,-62.36317496602008
144.1978575296024,-79.62495493134645
-5.5197306238535475,37.721275966990845
35.806168505828,-8.749491554188808
2.7633225051892225,-57.11360672794534
-8.164743870635903,99.49300455885856
58.90688131901328,63.95341564145872
-35.94048040946464,-34.311452227471335
111.6345074040284,-122.4284723985579
-6.020453202264491,41.94970822777336
84.82491296344875,-84.73377979285146
-85.09383603975233,-66.32334455294256
36.2102179062031,19.97891928366542
-29.634161030409402,-52.71819857651704
-84.95701024743482,139.33891793447577
13.453642995490867,32.145728524529204
97.17882983303622,101.59376987735851
-143.49032090665514,71.15076614694203
-30.901759923174325,-130.13143307524044
133.13912987149303,35.88114788300007
-26.49232467439579,-123.45503066327377
115.76297783129007,-123.29502871698367
-106.45215554074593,70.04337145156273
108.18520812772016,-30.171251518305937
124.47992998881051,-6.301385798704587
51.49653612901963,58.288269956925205
25.872396431642585,-109.48908751683638
141.12306635354264,-56.21635917609218
-85.16387873802329,75.60258257819916
-125.8548367875093,16.748350222505024
7.546687456116047,-64.27309937968666
5.243618155376197,42.746877201843205
92.06426145546902,79.73975523637242
41.41030348360886,10.917871063416783
55.49646249005494,115.85578116053125
-143.5294964640905,-95.70476809854375
33.94553094414081,-89.8572717234363
-87.95515351726394,-74.53413970788401
131.10491598562402,-62.796187191367494
148.34926022426515,-123.82687953804108
13.626976226419998,-24.495123947826002
95.08144952773176,-113.01442154662135
-91.4945439690369,-48.60207142991413
129.9700282222359,73.63726653042556
18.285396011244416,-105.51358113593733
107.24665324347501,-51.665076196776155
-4.636794000694977,56.39210215906459
-37.528705074393656,130.68456395476392
120.07776906779998,78.52687025735983
-80.78514674525795,43.839570819533634
0.20857120541782592,75.88098646048127
-94.63462244470631,-19.257150465244933
-94.29463724973029,-115.53139280546569
4.366833942440195,45.52255282561228
95.24497034716879,-93.28531099107562
-76.10097071845865,-97.55348196109996
32.722497680016204,-116.23869904712596
-147.06913081663166,-88.86195098833448
1.32478156164521,45.454823243934385
-115.6354876449092,-113.36830742111802
23.464390145658,49.27898136992121
-0.03374175457065576,-75.4201222504709
77.49640428804159,-71.68875073705078
51.75851399049549,55.42909945903037
-93.36600409568581,-34.020420632070454
-38.17198187538716,138.26001297530968
-57.37095456728849,73.48839504467384
-11.877227704261998,123.69665534946148
-71.58616990971404,-4.54886633878229
140.84934652631182,-121.1666970169228
-90.1959822153605,-145.61744554352774
28.788656084348304,62.38372790202311
-26.68771349017028,118.30790868653139
30.42410907318785,5.299240238036447
-49.155695931205216,-128.45302299824516
-45.09008122188668,35.59247814711202
-46.54127618134727,-15.675852791378276
-45.25723047600957,122.55296048898043
86.26390360809603,14.963191212198637
89.54754092215845,-116.18926905305322
-50.8738526203945,121.35005660906404
128.53198882253747,-13.940861980066074
-68.25101504691763,-110.29521826021228
126.02392485953322,29.863057775282556
-79.54633674205807,-111.97265407693203
-140.09775344034978,41.27116116031095
-53.715846031395316,6.152286459594194
-102.29305710903301,-51.1993524380771
-15.816581425550908,-19.988639632883917
-80.54211132411872,-134.58528643947318
-135.94346505602016,-107.33423983492818
-91.11380999463421,102.71095566605999
67.72610779659684,114.40145693792653
133.01266485142202,-118.97316676611092
-92.00726610652217,2.458584034756143
-97.61524728802144,-0.3344901146866448
-7.827527372468751,81.85644107817504
-26.428381523317114,-134.9644485464638
99.53249919066971,-53.0004275628673
27.29541641236611,-135.6113760354197
10.937085670808216,-54.315146235812975
114.3410944080311,-89.27480456463134
-138.49023742580215,-130.36923681698357
-21.286409153809473,-9.83482788118775
-74.59262532179554,-10.060233736747108
-136.04587877350508,-27.295578258730018
-76.55396734488858,-52.9200015854192
8.16632422431465,62.18908840775228
-62.315372781325834,147.06375412398802
135.7090378352023,46.05016339873785
64.59973042327613,-37.42862660083591
32.8218810599555,-114.34789050512748
-133.12765495402076,-144.98306780288402
110.32192020030908,-30.486306343995082
116.64551942464573,-130.80600235718947
131.73938014539232,-110.93653262830574
137.6646562600053,-16.897046902105558
-5.655622004051963,-142.53757408653854
-68.26597791314516,-72.07349559341415
138.05541207866867,69.35071338827316
79.78144234188102,98.87409773717795
57.01069303411137,-107.80192818618849
117.5717639036597,127.87026399275527
-115.55671673008908,126.16568410712802
94.32872798003791,-91.45933077853518
-93.77395349191701,-99.52769209109701
-63.909171861943165,9.95827706586951
-30.62919741967363,-86.99410631372186
-108.27992026390405,-76.04850565574105
47.18917580815199,-81.67130604834837
35.773196160296095,148.49962663773346
-93.74247309279765,-112.47713041857808
-78.21577402758784,20.641621355913685
-28.658940205233463,135.94945785977717
97.0212664832969,57.39460598657939
24.94038905153647,-27.408931342978505
109.17837861221363,-89.5043507431716
-94.49806047091838,-18.80996438951854
107.74892689424945,43.64119034270442
-112.91806989056424,76.09116999941438
-8.159247696903407,-140.39246371184453
146.56396915384715,-42.087762737387564
51.12295257321517,-25.660198094923942
132.933771517789,23.064810738109685
52.394596414918624,143.2945198312023
-113.62444687990788,-29.513544061491785
-24.540938218423648,97.54979706227346
-49.22669165187865,-64.37904023010404
-125.49544729995314,108.30330184507767
-81.83631976525876,-104.79597519471852
-55.64332648109938,144.95863614569186
-5.23401596554308,28.256447124151748
-44.005509963879746,145.27341476298665
-22.092991166644367,-27.57163180202157
-6.413901248832929,-73.26284740598209
-24.56648942663898,115.55599497348987
3.9146976327855327,29.023840104437937
-105.64652245693983,138.8089800412244
143.0813138754982,68.91075768548365
134.8714546168713,70.77877079672575
93.02430230456332,75.05560172509371
-63.10775636100162,46.67288412864977
-86.14083878972721,142.792424102197
84.26172288802252,2.1028796286485374
-79.19944993005008,-32.096729525494055
133.73508819500967,0.36756082442926186
79.03130848157238,18.15959194373505
23.486829411403335,133.4389680037769
137.0329642681179,-49.24234692448802
141.2377757370345,-122.95215313251616
-138.97107173286497,57.80725602340959
-139.19488430277002,31.295043352606683
47.491531585118366,-62.70787041769958
-96.70515151730052,145.7801802424121
-99.77222346645102,84.18087339041068
106.9991363050085,119.70691620661466
133.02734724950324,13.370190089373523
1.3755057639754114,79.57077668060373
-104.38694211583444,-0.48541404513889574
-22.26106373642176,-39.417802207181055
-82.30630274636594,-104.26855843926393
-67.98854533908101,-9.326262524452915
41.23675225980571,-123.11124648316093
-62.48630332475153,-18.33890770642148
51.94824898342205,116.78856032934311
-106.20404630992581,-140.81269530482047
76.19196272113774,-102.2331334860506
54.97852865222487,120.98909118985648
69.00921419945519,-90.87782879772794
-80.19305750242111,59.22334005432123
145.1271310022155,58.2546089149464
-109.907669327901,116.7004868881856
-39.8824802240285,137.37442851083756
-0.601272744851741,-29.65799755332685
-36.32598150711918,72.18896424160957
-70.7095768420353,131.8906960346668
48.57421784392284,59.04601745164712
130.01881986148112,65.50334843369299
-96.3780701433893,-63.15101761428767
-92.27749687290327,-140.37210582879177
34.60325527014365,117.70754914242292
-4.4918412822391645,-114.3371678745912
85.61160073939436,-45.8762496423557
-39.912127436743305,75.89127686017082
81.86542784912803,-125.90857042390772
-139.20334616134744,-149.8579671709173
-6.00273486634174,-141.05211048822432
8.64932049053985,-45.482367931517686
-68.99713306812306,-98.2451444527475
90.76644518009002,133.2082210303136
44.72079291655743,-135.33597901898773
-98.9600249992586,-27.154362438942087
-129.65334726733502,-54.82359756749803
-105.44443549953107,-35.37212752746851
-88.2800582331351,147.5312588468338
-12.66640540554667,-63.71934729900799
-86.35902865203343,71.5383707155859
98.40207280511873,-70.1340508271819
32.89192893567042,55.02496726984225
81.85999842598,-124.96065544143143
12.600165602878775,-19.864793570468777
-24.58827991468351,-43.82614832867078
-5.693193979475353,-61.78408113162929
-67.56578361071627,-37.68188654138652
78.91756195214833,-118.21106980341995
-84.96630205942621,67.5649831084377
-29.890328813015188,139.74448372154728
96.44890122886386,141.0780480707934
80.68101814910591,-149.39815303782876
-37.525507131465815,89.39250093726048
-140.85582910808765,35.95185966621736
106.90600856623655,57.16847927323681
-123.66190571691118,-32.839849989759784
106.94689410746389,-2.4821497578047342
130.00876754036733,-145.18486066176573
-37.08316500187013,9.884093752525985
120.19427898548412,147.86448480199437
123.27207867996856,-26.93988117096086
41.53416385914841,-24.23635347476646
-103.28867218878034,-145.21855441247655
6.501437085788552,112.40035979908356
116.11121379650467,-119.56212753449863
66.36946065840709,113.85277510376562
-57.45449363297172,47.968370766775024
54.686850124058424,92.60566766274454
-105.51200298108193,-106.79179799622631
-17.209309454132097,7.207618425749303
-48.5154630678652,142.2942150024311
-95.3412723189457,131.73953081505607
-76.39168344581716,135.21050427104387
-76.38161081125897,36.187286646744354
-128.97610164554408,-128.075124872777
-78.91222806505519,2.638557214588161
113.8528692255752,144.1717215431259
99.15053406556402,84.16968191939787
-137.21804668148843,2.707283978668187
69.26331147987392,29.793987636159102
-39.75605799292009,10.693295742404473
53.83033343979858,38.03722563784012
-11.475620765471888,119.922751767372
-110.51859425258252,81.40610512673447
-100.61010554245968,-96.45170960516779
-118.4101115878998,-134.0553441379267
53.503600311089514,1.3162072772808244
130.20317115733724,138.82499544704615
-63.87905118560917,35.13746593032846
-61.93441122998334,92.50014273338476
-107.07984807963945,62.87283790174979
-13.473337163948258,-44.172345821999386
-130.97562903535248,141.32433850482153
26.203119912796353,128.78811946612643
-32.600479887571225,97.91256483646958
65.35698239003395,-25.527621409381084
123.38702095761954,22.031984519779655
86.75407602345223,-109.44378812078199
-82.87712229859659,30.877740900505216
-93.2343910159251,-113.47549126947959
100.38497822697158,79.76033013177778
-30.676110532083015,-81.97959795632751
46.983122192051695,-99.63045384982678
-2.6964427020812707,-149.0748716804492
95.58322273066346,-34.416443149168174
76.00540428513705,-132.01198318483128
-146.75799615594417,-29.10012525849703
-96.63193684183017,100.61975332185361
8.61248754442147,-29.864125207838697
138.7073166581971,-123.12596039501142
-136.6793531048914,105.78558833135838
55.61654261351879,82.74550309209113
-24.283699322476167,-11.092887102121551
-122.93333218534227,74.39965314958263
-55.312544159429606,142.4949423340767
51.8841203089238,149.56716379732296
47.714609227328225,145.26351278405735
-51.0360503521929,129.88533676240235
92.54885597739349,-57.052722174567066
130.8283602589321,-7.618893927040716
-11.86891063227344,-0.6615263098056801
3.20620430631422,-134.87840490723818
22.107738572705813,-143.3793730882555
4.1656838357938,-52.90562071403923
-117.76440514759838,93.93922793843348
-127.56208388155922,10.421799953363688
93.54826282149827,13.284961607526355
-63.57533579297478,-7.2590581588446526
-0.15758616502850487,138.89665409258322
-68.80243952586676,-70.49357603704102
17.32621578442226,-97.96685717784041
11.88653829265931,84.66092633121065
-101.63050179128489,108.41852358147423
59.17442107660682,-52.293779099269116
-104.34138286963281,-12.741139661582935
1.1969887840032527,-104.32224024996944
-88.57016195519623,-13.481242932451067
78.88532021098936,41.55274638959088
-84.6885093487075,-81.32745615524645
44.46869813497739,62.70811184109607
71.6180612819561,43.04954936562109
41.43655293635712,-80.46761201729203
-79.24647874218633,61.710735043380225
13.865609261566078,79.88946813000231
121.47464296425181,142.1852258843893
-101.02356437721672,-85.68695299829142
-38.33760143184415,-141.2929491569532
-144.73147216846692,108.73303256158624
118.08077303836336,-48.99957579015059
114.42167588831722,-107.8064765914406
-107.66064041775083,137.90331414945848
103.34382711259897,93.90716269236339
-135.21440496720953,95.16586621871528
52.21659158804633,146.32082624706868
147.9692660944106,-126.9799963676263
9.373221494151068,-141.92494919764323
12.183404743923177,53.71206279761685
-104.53313339578341,8.487843125913002
-145.16987313774416,-80.63580148222759
33.15462812688375,-30.331765996632825
-39.66337648939967,-4.950900509167724
35.998080863752875,44.66850661491111
-42.813356681381066,-14.244984164627482
136.61730846067746,77.03304441757817
-9.604371280712144,-67.3228009096102
19.952967257867783,-23.043964553085885
40.41192067006011,-133.69243232506952
-141.86787918961664,-4.326303852111522
-50.32954749997664,-115.47541470777142
-148.73028399366362,-116.97678122615196
129.09362393872635,-113.22879236664781
45.61458078690413,140.04000116282043
52.69259553725868,60.50138718341478
-79.62951667675989,72.25456772591258
-23.269353609014004,-113.60587750011484
-141.46279166439882,-111.93979972476373
90.51911783849721,-14.995830908687822
-16.768082270997297,53.65383023184532
-44.55469499803654,-20.854530739275077
145.65877967002496,142.7776912372409
131.42821603468542,-20.396378474945152
59.31721445717204,-22.707400663033
125.2671372817992,119.94240738667872
-14.505076162058458,52.628449450687924
130.54814838040528,-58.35552603503086
83.97127403751307,-119.52729103835655
-51.77302013088307,14.046405669129712
48.0828495211932,-72.06645368667982
51.0896788445892,74.22321851660422
41.96508609771158,-133.7956082977721
136.74993019810665,126.96531255936122
-119.97099413555289,-42.95543464064811
107.4831493053519,137.9223074232671
23.838421645932073,55.68687096576096
-97.35763226136744,114.33118618570631
2.8917531279716115,-77.05725247946638
-53.97735349876865,-6.77856908252204
-113.65435182194585,-27.722365636458562
-88.90584698768699,-106.09371877026983
41.412797850948095,-31.47145660249322
107.98085001272125,27.043950469984196
-119.38683937330218,16.662457965430832
62.96675848376822,-108.33578357857645
21.624679046287298,-50.27410576874807
-20.321725992884552,-32.42674163573972
-70.99303174906214,-136.29546152670162
-35.865530186245124,-120.3438798998053
-30.694589490007886,103.4411186500628
35.28547541509036,-94.88211946527926
-41.059641523040895,-55.87539298684901
-17.67037112691736,135.302391267436
-41.90097057833259,8.005372234969144
-88.54045442244367,122.67509791460424
43.13658229330795,39.21725552386255
1.3675626914966301,-57.17924249144012
-57.90612560231973,137.74182318996458
-80.6609214677658,91.90167477733547
60.78343606018274,-122.0031041691793
-129.51410192050622,107.76756442403365
-6.648130778597533,-34.64389754564131
80.86275550034699,-38.423870609168745
134.7911080202337,-112.58353122203738
33.24054062893197,-30.29704091620414
-67.08088212504376,-101.81394519589209
103.94200333334632,17.436853674491772
138.00002662156413,-103.96081160830308
-66.35380488410803,-40.078745673053305
2.465285946076591,2.7810515163678815
46.25005212898958,-91.77904442566398
118.029961339117,28.701468966922647
57.051179588714916,35.21516598846162
-25.536360012159804,-76.68138830081209
-3.143630349451314,40.79019348992219
85.82220768422738,70.56979649476875
-108.94047416580517,147.21309648245563
76.81968544785016,-75.81812729055027
-95.40423151134883,2.5753985915699786
121.50907016733646,-139.20170425650974
-130.0106148905905,-73.79414962899075
-114.8181236514518,52.15675822600886
71.18714741446126,-72.20871093352888
-133.7425566379705,-133.59980077844597
147.0591024759877,14.14559889768455
135.61110007553214,117.11844471399291
-88.83441897688022,97.72531501261508
39.317147200191556,-138.08311205178484
-48.55391247605988,92.9510356028367
114.24185476129963,120.62805933638367
-76.95272662515555,23.68733916709982
-93.79774265952865,-55.35139165326309
-84.26867686134324,109.02551303050376
67.62368550471825,76.93111012706021
-146.4795991725332,-40.285193028708576
86.1440236425851,60.50140283448391
-131.34095960907806,42.281737235204275
-88.3028291582649,123.6129360956383
127.73138953968515,-94.43411201185813
132.45196156081113,29.95693360359823
36.903361830696355,-71.74184450301479
100.08003392578925,-146.2516450959312
-69.87009065734007,2.1509075222826652
78.5273651113323,-124.8676003841659
60.743303719666386,75.02297322109669
102.02821375145572,-89.67890194717162
-65.24120108830812,99.71818937662917
-146.19406224548675,-6.534398707450663
127.62924878080668,-89.74606519112135
23.711086149554973,-11.594096969364898
-129.38832805973232,93.55807430721183
-85.14363265754812,128.9628587723157
-45.97563046159033,-67.39187922518464
-120.90088000602529,107.2454327589262
89.58843627007016,55.45137811542759
-40.64191416903593,122.56312575019541
-58.92298596030092,35.61269215284503
131.71243907965754,36.228067708191304
55.147670765142294,-122.57009494439333
-85.80837443777425,-6.878976690067105
-50.778475798606905,90.53509171313988
-36.82268067502666,32.06438207000224
-36.13328230641508,-116.30546680250286
-40.96864515651012,142.95228935821
129.90919505223604,-101.24953973642485
-73.53250581650616,-92.63820053654035
148.6765354996399,147.4830376526624
137.68659727073634,93.10569286949408
-33.96322085050463,-29.778676593582958
-34.18907774939328,-64.05109750980155
75.44576902828433,64.9040399408251
-37.894171787486925,-37.121604368291855
-1.668120564542022,-19.90453909500266
-90.44892148925449,120.51467923763488
-26.937447978397216,121.3320780788701
-145.94271925558652,-127.0428849997771
-49.156832736177506,57.09607463091396
44.19309597411265,-40.633019967104815
-148.06966140887167,-123.68487302828885
75.33442202811341,42.33802848578375
55.39361962178202,97.774251766802
100.8973168005796,-64.46522718439745
-92.21731513931346,-16.13959064998997
32.10494229239066,-36.20292928148302
130.53255227136026,36.10760996337626
13.640126846222813,-79.57435091562542
93.62067875002558,122.69255660572446
-82.70312870297202,76.08497012084877
-57.63137028546764,52.215817207279144
19.997771711717093,-112.04407748420999
47.49146177297979,9.231485502856572
-55.66928056265989,127.73489719243543
-72.39730957188736,145.5608868009774
-64.72693475741335,-39.73353534391994
54.659510662403534,-79.17786733437067
-139.54656757562535,55.038125865880716
94.60096217215693,12.143473091114032
-14.33787233874557,28.392788079377965
-12.797508118733703,-110.24493756514619
95.792393763272,-28.41604450548151
-123.27568404687392,-49.35303882313909
63.8613743647019,-94.22756737861548
146.92778451952154,-148.0759166058975
29.846563713998734,36.5091931653329
-80.95432636473181,122.91823127288114
110.71336924806934,71.7550253608965
-103.83951880356456,-112.47995609020236
-41.267359110619566,-119.01262644346707
-10.533134366461951,-72.08326865973041
-22.446722923662904,-96.72969477995127
-113.23055794291335,-88.56599466990312
-58.9063208265062,67.4148401343792
90.18418670837079,-85.68437565351208
-42.280470638352824,-49.58077642247139
-17.358143004195853,136.67750788460177
5.493972585417737,106.70180796723702
116.43642810270507,-145.61976660120837
8.563941428710137,21.6497333030824
-44.799500284721375,-71.6901907294866
-115.18592003603422,-75.01164307591486
5.711044097429976,-134.00720901063264
72.98588199077145,42.012719442004794
138.5896908577302,-95.1378698885809
53.97657020123802,-37.020633535547944
-104.70035953515787,-95.77025830962563
44.97894730032431,-97.10420405300515
26.025031771968486,-40.823802740253655
-28.89139579550549,51.13386182073103
-7.0524341675482844,-70.79352088119862
84.63485927715715,12.350694260925394
-7.98980118403702,128.41641318709048
64.70782542223355,-136.72467309249407
127.71497598095806,1.751705647331761
23.431155368553846,113.30590303944325
113.92076347125948,37.574578086365335
133.26457709511737,-27.390400815787203
144.47507700014495,83.84801711407451
58.47855276214875,-21.50273949378729
-141.11729921100948,58.51703595468064
99.907054964732,-63.763540243332955
-10.298367960920075,-120.66610209719803
-16.127566695088035,36.32116089223766
133.61797410430233,-135.72254805295282
4.060174990119776,5.780834678483103
36.71590924894329,17.050529415598845
-44.696955594195416,70.44612959217346
-70.76175535429712,61.31983416875633
-6.059802585646423,-15.263359694646283
-64.21436974255678,-87.58881722974172
-33.01484865586623,-33.94534375923084
19.315499951958316,61.55227866450613
33.94873476150741,-99.14341591892293
103.41728651549704,-117.48542397016297
-99.18048100388152,-103.70178828575985
82.23455374683638,48.633318778739095
-25.269830556313238,-70.18545749420116
-76.36265241841579,113.58002129250195
149.70309511466115,57.85213230595264
-40.158247674959696,-100.56135262176404
-16.66728291466586,-78.39858508812677
143.64781188464696,111.67257002744856
69.76525137548884,50.90918045063353
-144.82442240372328,59.925387628117875
118.5132201831322,75.4785295294065
102.9373442406625,-140.0611678559591
-59.43446084129313,19.060815716335497
-6.564325459029192,-125.29692755520534
-34.87496428459255,144.32692106406586
62.383339224058375,-35.20106716575371
-119.90998852443781,-13.774442421337369
90.06816658969643,129.02130652154528
147.69850394215786,-106.35018877920717
-51.451615354919426,-83.02641499440436
-60.91514826153819,16.306760425593296
-58.18469315344555,-44.21225708642173
-3.6756339669864246,144.0011097859474
32.33551757959776,3.938993587436215
141.5815189159697,-26.366312025989785
90.26908104544884,20.13297136745973
132.46359162540978,-9.5018657788479
-27.487451273294354,-115.9394223001129
19.742818366015058,-72.47134570137385
-55.96103729257091,130.22195349493245
86.26909350459681,43.10100145708594
103.10992266596466,-40.74202345721909
-67.92252842687971,93.23285995857785
-81.56010927613136,-82.9918828593342
-54.81224253059315,-63.70776003270096
-111.57012963804327,106.16122244755428
-48.847845376746065,-149.03165925355952
-148.1828456001669,35.44580657872493
-30.998901795706274,-25.171008812342322
18.509894568319737,-37.597539888042306
50.330952224958594,-55.40235465259474
112.17350498798027,125.68539749116132
-56.82686826320878,-100.9248228188356
118.36903639588178,-83.85185788220217
140.10137750741876,-40.01233263412898
92.99372555957731,144.83157670927443
-49.0767023844498,33.77510323962889
-38.40684075647745,31.07817324675375
-79.90279294343601,118.14521447035764
-135.69947555434425,-49.45859848816903
147.00348395532512,46.62955207957569
-96.87706753657088,-133.45866096839976
-98.37176783852422,-127.01342654151087
7.981167350668528,-48.748030211455415
-23.464377308501554,22.190671244085962
70.96246679830008,-99.69806391301319
-143.9026261812373,146.96360323302514
57.12789639371587,-93.92318865885224
-44.612589327330895,80.29374804752655
134.1324561272425,56.377563409152685
125.08043794737335,48.17249911271168
125.3364001611468,-137.18993777285635
-83.25857699027203,-5.865178496783642
-14.924744606952203,9.333116377274962
53.40418089223604,-31.654496696760262
49.88785359575522,-144.70729803653774
-118.99682146387144,10.423505259562887
141.17131812767548,90.93940808332275
-87.87485478638479,78.07737413606603
65.72374380651405,126.71161508515445
-128.66316063022057,95.26488916370246
50.07630654847725,-15.126489424368714
76.69893949948661,-97.66285455203005
114.65850839296962,46.15192283212946
76.71770777660183,-128.48871312958642
35.72504053787546,-92.95222634431576
-87.60848847408258,-89.55329922601601
58.86620583895029,-120.89186011327445
115.02760963967728,129.69021747409772
-136.596357462512,-10.22996118345759
-7.2795365350097825,-82.41372587669942
36.19565080475263,13.106657780866271
85.70030567020714,-7.535745445438977
-95.18111701737834,-52.64299337603161
7.811816780027613,25.62087921779255
135.43984805489276,22.81510678224376
-30.645737034849574,-146.67788634174735
128.46338689694198,-76.61523692741548
96.7695854860504,-70.72969781357543
-144.02332010408747,24.276084176221246
-47.69904465418186,-91.53651169659045
118.72219846056885,-49.97269683727639
-123.90761464674452,81.4912992662957
-144.38439388326768,148.20610225797822
-98.13990566243518,145.8749315320896
-74.78881575441366,130.12449372574974
123.54989334753833,-53.13534530313906
135.9346282898116,-115.65522266266876
114.02376495176412,-74.02526403630253
67.60885856164288,-86.98867803831325
123.33558645552569,-59.322343067650635
-5.769387334121802,-138.92828838699918
51.98319398004847,-92.38086057364913
104.98544806301754,-81.65328295701102
8.217658628658228,51.4766332995832
-40.48170923307188,-117.7787720677176
141.58305336232604,-66.20853909806897
149.5499513271361,-0.07001088067451633
-22.502109632296637,9.656334489864236
106.625487374111,49.542498301598926
-140.13039974237043,29.983054144714515
19.204059607021435,-102.07878013288612
-125.1009337814234,100.33642298611608
-24.003207957064305,-10.767011161938797
51.7669060074094,48.012664884393075
-33.3361525699128,-48.48113402041906
68.83945775035755,-19.033780949997947
-8.907964717436954,-128.09534043337746
4.697950936922695,-127.15235411627447
-118.18657328644437,-83.94677605716738
-6.466653942277361,-83.15608898297737
-20.135192971952222,146.7200235063088
6.385232678865208,-10.270030164059818
44.54321427651658,84.22516171288152
-0.8003632937418104,124.54349078259924
115.670238196774,46.864085162431394
-65.72871205495737,47.242987424676585
46.719964672721005,-55.41873792064969
89.14958076027673,-140.31912185750096
-119.8539256354094,15.719365919874434
18.231526280883827,-75.61655573886067
62.15456780130279,-71.26437140192009
85.76054198294648,-121.52480276681811
84.29449159592576,5.195928924468234
-81.9439237513502,-126.75002444217331
-33.718345522396405,141.83383510388535
115.40371760734257,124.88944648665034
-61.33316017258022,79.73079150130525
-42.11522714054749,-80.35218551022851
39.52679784064287,-144.99565538611427
-29.2277749284938,-56.816368255261864
-109.48251029144129,127.59023502101905
110.16074001923482,146.4234851357852
-7.892030405239979,-97.82739638069211
115.95000407857259,-83.53795148785841
54.1813385284473,-75.22251421257305
32.011474328271646,86.10441678686641
-10.649716897379733,-34.68423057331344
-117.99369772460287,107.60567503155494
44.52024655527029,-97.23906251316875
-109.8201991574459,33.114657127487504
5.986405893066404,109.16570733274926
105.59395892632963,-1.9239924188841826
5.297367295708142,-35.824596456511586
113.62511321781233,-20.085674327543586
-83.18870641488004,138.94444440449934
-86.28257974650877,21.294394362148807
-19.280565595149284,113.73057008004633
-81.03563493621374,-23.266955662032444
-7.538660432256876,-20.43949422197852
-35.81065581556943,102.51480825946655
25.145694503819158,24.049438709788177
-80.67255741944396,97.21055643251279
-59.39926095680691,-147.53332087223464
98.63863587671176,-37.02223348822645
-138.11570287316678,-146.75347724054544
-13.561283263902652,8.235869630792877
98.49216247469766,-118.45204103279855
-122.73708237250274,59.28083024428935
133.90556986456306,-121.35708441301219
-93.43695492692117,-85.57846099526098
94.147737558588,-19.630093424415463
-25.936204146106206,24.057488370910477
-68.91937079164042,103.36846006186408
-97.03262491084553,-88.0352251847321
-149.44785860561987,65.55126212235055
140.9995435640193,38.32885107715356
-64.62269007803607,38.4548591629424
84.12258186642302,79.01606775133234
133.36313308962536,42.03119637608563
-73.80645266285184,-5.210853143300739
-16.097541009825022,133.80154960432077
83.93824545144935,43.10533048885844
-80.04311952561257,52.204519142014846
78.56621398128831,-117.76970855304002
93.88780025901096,-143.2138681478754
27.715527287533888,75.0371336670847
144.03592516803212,-22.370907154742824
135.7254485984446,-46.430528733651414
133.16280682730076,34.0159671702028
-72.01331812992902,35.42605647014983
-28.73553803006797,149.22317432051454
-123.86368801276983,73.4399604789385
-85.80287598863438,25.663521023750462
77.24400512234192,-127.97878188337636
-98.71731718817233,23.110332225590668
-39.104104227930904,-71.64530501222394
148.62306544746343,51.571298890554175
120.02200117391129,-47.84487772890098
62.8709246766154,142.94575246201998
125.33768971349872,128.75976187287455
-50.71950398669988,-9.72988268884501
-54.52706539744932,-106.01563205425143
-102.20455699326943,-80.27789951467581
123.88607685680358,-16.59969066192818
-138.95317583421016,-20.885131185244774
115.11794684536596,-136.82611230289484
-104.14916383167983,-109.14812974626562
-123.76143605214426,125.94059301844766
-110.88963864003296,61.1552647186065
113.17532290829564,105.68333682892674
3.369371338984081,145.8941640078658
147.9066700872749,17.200900216389442
-46.32601184644699,-8.748681847579377
13.974703595020287,-109.77951275529912
-75.3534818811474,56.840786530592055
93.60844943745025,-106.11732937519257
-13.315578704715875,121.92575550347976
-11.929852078816992,77.1427353654606
-110.18524610714232,83.86432743054317
-78.91352279912584,-47.55003585096446
-53.52154002889225,-85.44391470427809
-25.10854496336229,-12.232985500614632
-122.91264060222333,-88.01275442324359
140.04113830839918,147.09763079112355
54.625279695577376,-37.68102468842723
-45.6364936324739,74.54180091374505
-14.151395756749196,-94.33510178325773
141.5283610546964,-114.60340326396607
136.86532253655344,123.39705433043667
-86.00668769079297,51.43341058122144
0.8807242381190861,-105.2351933951057
81.13482520221788,-51.76264517441976
1.2701241482724868,-114.05189476850668
48.07234291507561,36.013535400701386
66.65141801905114,16.53688638986938
125.05760434285935,79.79289616192835
130.12303127930448,17.45694290317786
127.05857956226174,-22.020844344985008
-97.9023197112845,-120.9457002181174
-120.73774773554622,128.9487395581654
96.04512052651373,91.17336503771486
-28.913441059131685,-149.98784673868929
6.9426165366223245,-0.5217757827991818
-105.80295876682965,62.88071155482774
57.2714472751486,146.30494777500087
-63.55479297648937,-123.78518216934177
135.98848710782676,-113.7788179227603
-46.085105476689435,136.26984819606167
90.41169571085467,42.56344713444906
120.4434348883421,30.608988975162276
12.784812545709457,61.748467715142084
-126.28229382241759,-1.4693310236298487
-134.13765565392697,92.16321916035162
30.31123888195262,-124.9089074194093
-126.19646448319688,130.40826155600922
-53.03802192533263,109.03045185054026
-92.79574357845792,-101.83587379484288
-6.5350173443162305,-41.12248890569401
105.51566903512068,40.607047186897404
-78.66906407386207,69.29455379091274
-95.0188533225622,-8.646041764415344
-136.05556205847506,-141.96317154261172
-110.28740136883613,118.86018948393706
54.79065866278333,-131.6192188006866
-97.21620256709272,29.814176633106456
-132.4348559030994,-22.91066470542677
115.4331487830845,121.58391118777081
-147.09352370965655,-55.7416988756257
-95.07344930262909,110.71464054200288
24.81803435067465,106.49799305408789
46.50920709101152,-85.8581493937096
34.863366771917015,38.49897878960806
45.020169997795705,-99.61552218562284
19.886123066691454,135.59514368406866
-70.72801100183644,-141.9289560847368
135.44615376112802,14.779099868965659
-85.83149222559247,-19.634115513212265
56.08317521962809,-55.479930678046074
18.318702943892987,-142.26699629400858
-69.37631191457056,-117.97010469397563
70.81780918892409,131.03962738020522
107.96100451301601,-29.164200592531998
19.41158028824816,123.15661883409166
-114.81341108402785,-124.5228999829649
89.91192327216513,122.14027742642367
129.8792858458596,-89.47807490130465
-148.3832540498862,-19.25933850006342
-8.291888113550357,-11.652249199840156
-18.475019030434538,-147.97382390796923
67.15011792266787,-35.03508220084743
-12.023868207564732,-59.65980165256029
39.76804920765426,53.109251204764064
102.30824125369813,-131.69785418493416
36.721545919361546,69.09662804378718
-10.34066824624631,-81.14800523732882
-33.74047792176758,-80.52652831089893
-32.89093268549678,42.82899151997748
56.23182677953881,-45.54516815882138
-113.80961208014824,-5.368715853594352
-96.87376346168784,55.81393364985013
101.37952006590984,-108.53559778835945
16.811187260519432,102.47293598499516
-26.629459469451348,-31.06917024631369
-149.59084476938526,-80.57088236126754
28.22739847222678,-59.74257214012897
14.756290392862326,115.82907201887446
134.13308040676083,-59.36399800287515
-118.1495717389787,-101.69354101880224
62.5967698471257,-43.52655540816713
59.94161766035316,-18.028424831626012
91.4485151509644,-108.66591425127368
17.50528064941534,137.46512110247312
-116.9470735178923,-22.444355863771676
126.33845026615091,-30.71217526371747
37.871652625757804,59.674918802300255
43.090183970398954,34.161621960635756
-52.74667704406603,131.1303742257
-115.35264555419423,-86.85657187433196
112.24584562316693,-54.77749069993327
-8.174270064943101,99.26579715181433
59.78561539585553,-31.012142010350914
116.79608891327268,82.64928478198996
-84.93665864391163,119.0905330817555
33.33652641876495,-100.05618805780347
-143.01013572187418,149.7735301779864
-94.83972136002292,109.42207259098558
77.91864022725878,-106.99596728310115
-11.91410856657015,110.20627266716713
10.672874351143946,44.161062049625485
-72.59204110547005,-117.3771792187254
105.18290178384575,146.66874591718215
87.97542317257796,-130.06688196962477
-69.31352461997345,-120.78969254306224
-137.33011640058652,-68.43997523966517
105.25817894233396,-86.5283749464115
-138.9639264946341,83.80541880093179
39.20873775902314,0.0430626526778326
144.14741105318842,-141.711255517031
68.51673179335219,57.60214564201621
-38.318822201091834,49.19078213197602
-31.242061315520203,-105.28067153261259
-77.7694268208747,-102.18284638797326
86.58641654553887,-52.646845417604496
122.77602269379514,140.24221143998193
43.223570332290876,-33.474148787976745
7.484626162436058,-38.98157787701682
-140.79080093072983,-100.25447752675186
32.86755464479944,74.07324022704358
-101.34129692238767,138.6298591079883
-54.506112011864786,-82.71474701781189
-144.4620647600251,123.67318245541816
148.16335816024667,37.75976951965495
-8.596148535128663,145.3739281020109
101.09386082545569,116.37709701204278
108.8812691391106,-33.857297743685095
132.76590332739454,100.34761745977161
-125.68979082322325,64.64103938229272
108.62532829986714,146.86701771098961
-104.67655683149451,-26.3057805664604
-76.97266555990619,-118.75543977464241
-75.8499029317806,-124.10889583012556
148.59474865078676,84.0791238510264
126.5624408058174,90.47127465653679
118.25391162299866,138.3752273451849
62.52631437271231,-11.678065411131115
-79.61623933958232,-119.31172162963367
25.435596158175827,29.996007526201822
110.25238737891146,-81.33475643700746
-112.0863951275915,32.960261905073565
135.04921740890114,-24.566049090564945
-31.90957394123788,12.744527841726836
-79.1923186069998,121.03322486787636
-34.97710651508142,24.336397958175837
95.09716538467222,140.70695545594873
-112.88018444830072,-141.74734323189787
36.96743515580127,34.62812388226209
-93.10654810046037,28.172910908223827
-75.2822669329408,-136.80202086111157
-102.25054589976901,40.10169779755708
-41.687594459431395,102.91471733114116
-130.9728435120541,-44.98384560560946
63.23654887064151,-61.11737716672239
7.451421616818209,120.18928932917538
-123.73888024990751,-121.02276680711685
-49.98658428965706,149.7206561127166
5.559673990058371,-56.462675844884544
1.5456288935267253,26.241022982251764
138.6372603731677,40.23286012575579
93.33161693326775,78.85419073141989
62.97845654637098,97.02807108492235
57.12877940071803,77.0283147782809
10.185725901351503,34.933492640919155
-60.764344252268685,48.5452552990578
144.7445173760902,104.83857156026565
-83.97775404915234,70.1777797358759
-102.49983016893789,67.53020206171854
94.32366584984692,-5.299581482493636
-137.04740281442307,-82.22174799520009
-63.78359081713104,91.40345427607406
73.6650754831524,-51.087935891908586
-14.558736360199674,-149.13053161560404
-17.818122785941114,-88.69395449051407
120.7096132591463,5.213232286071133
-116.33893041846933,42.77282643954433
-126.73610168810588,62.68440971361338
124.38966584673085,122.46288187166539
-73.75549418761247,140.66175827796417
-55.66148598809593,-103.59765241330997
74.45900731006745,-126.65217953742311
-60.417815782686716,9.764792220003272
-77.50927722670853,35.43550743594409
13.933481266213022,-134.60586271213486
109.7006539465084,-1.4574721144703346
-48.54455972377207,-55.76453601288979
-76.36762673488212,106.2533286609841
16.878743691660134,-106.54075064981473
-113.27196442456022,-124.39888464948908
-21.417918853797175,149.24983814651262
-6.177468851643994,-99.20590560076258
-132.60687242524048,-148.0248979175351
-105.86787209306624,36.883986004231275
-18.711571100908714,-28.570774239328827
-70.57263775973645,59.920118055474916
21.793160220509577,73.53332336489947
-31.818040535352125,-65.78547125505342
37.75014040500747,133.17800767591183
110.82585434589674,-120.65939324182233
-100.88438008086818,-110.54683148147527
83.54986046363351,13.818818425487848
108.59560379541904,81.83888008100101
137.4011392352317,118.69821841187974
-10.363618407387662,3.089350809523893
-81.05813857227098,53.47307822594186
134.71142144553613,-6.465906881674243
81.56324519208238,121.8454945425724
-4.451903561161913,141.34606797223984
97.53058260819114,-18.209191964105997
-123.5780048952098,-130.5935788656269
116.58943527396826,-57.08651918627342
110.60368814013174,62.56657898815877
94.20595891416374,-20.622302478628143
-113.30663929333508,-134.99988291169947
89.84825935752224,-26.316668765155327
-89.29146297543898,-108.97250862785015
-99.84511480384143,95.1138518041671
112.14390037213485,-142.5086968913278
120.66578904908556,139.72488455135817
30.782107961160534,-62.61201316419282
3.9559250871972154,-28.126099188544757
-45.041610182655106,-22.66459935866979
-94.45186869697665,-53.45673973367167
99.9191053392073,36.133361074192976
148.98863221177464,14.342024801767451
-82.73154368978548,-64.78253644334126
-123.36954320517513,115.2840653536635
43.31407102575733,0.010986396600458193
110.75318669237043,-102.95876992341516
124.54015257894122,-96.81081687733703
-75.01413776433856,-112.24438642652589
-96.04414246570255,65.23099819921086
56.15619642782826,-85.06143866571895
-104.56703071118136,23.811872398995916
141.62484079965208,-37.58464436596424
98.78242740746987,29.864014013651342
145.11825700605402,-122.90159531329968
-74.40110479636186,82.72658935439404
-10.385920242336084,107.95580378656399
-51.68700588850153,50.735665581259155
109.23016551497608,-66.18471465816071
54.152294355071916,55.4189857278906
-62.01323920522175,-131.9464025029927
-92.88719437898722,-113.70068189256071
-8.537226261252101,90.30263071954712
32.50015630659689,-142.64444637608074
123.35934549767097,101.93418491235849
51.734962011323404,-38.60951322558223
-138.06467608012107,-115.68920330647786
106.96678486254837,43.78307825253316
105.20384788692027,124.44129362226738
102.72141996358124,-74.10818218478555
-112.42229393361507,127.12633618688653
33.69381428414283,-101.64507088834422
86.66271160194358,-93.58396878374343
-38.25778536293605,64.54604015055725
52.170225586019114,-20.851226889538253
32.50843852470666,-87.33648674316738
10.251095189577569,-13.444488754895644
-139.08465970268614,-17.12785143046179
-73.79879380602713,-102.3419077418418
76.4857051934475,-50.51511463637209
-16.897288982831355,69.83091807750628
-44.843607703732374,-120.1352762350972
-78.6933027533976,91.34470035737004
147.27170438942915,82.9382026202552
-130.75529193926508,-99.13796974898864
-49.8285221029129,15.473395581916066
-30.3873500095213,78.8879505688858
-46.66794897370225,-148.717952184743
-116.05060063213068,96.56798046460918
71.20642178179006,-59.35885011285153
-64.63787880738009,119.61593432079269
-49.289705280569336,-121.20519723138344
63.73256958946388,-106.59940069440057
50.378861544399086,39.88634777373818
37.13847780522502,25.891694606022753
-8.001015368409867,-128.16495422195305
72.84759789164872,35.60282847180676
-142.3537303556827,-41.99353080896205
-45.43433167820952,41.281532937115
-139.42518668379708,14.327277140013592
-97.54023882068344,37.375280869054194
106.19731103668613,-96.5930949450333
-54.30290845701248,-129.48322484210956
-134.4447722743583,14.164366143535943
72.51857243137559,120.95891471864962
149.76793715031266,-67.43354567048452
119.90956566870551,16.820137785178503
19.68143229981365,18.32447798587833
-71.32549209861999,31.253258936679117
12.003699773947119,-85.37307342065627
-127.61029817133127,143.86891020039633
-120.02429772372986,132.71150395306353
142.10371764941237,43.74094202386422
-143.6851606066216,-95.89121459114327
-141.01818759202652,-115.63091328534117
-21.95948588839346,34.162639184113885
84.70429291683934,-122.0221084172512
129.392327052562,-7.657240548922829
62.219297236127744,-116.63855268657767
-5.653745304880516,-93.82555174122307
36.16899024692955,-16.98089276857516
130.44417778216064,80.40998444591625
-35.696597710170366,-139.75699328952203
2.8512895797870783,61.059798365952986
52.92574025267288,-137.52769642308084
100.00899910882305,-81.43049016146594
103.91566935196423,16.331223046473553
-1.354129958461698,-33.03151680849706
-70.22707298394576,48.713217687172744
138.18584407533382,60.44377225447434
80.11609613427771,46.89222307319122
-83.66563965451567,-133.09830234682735
-28.60191654170778,66.93014539910348
-75.0670666750429,-78.54465265524688
-78.14360000935893,71.88623087038602
99.15293374313839,3.220321316982705
-142.0656551813272,-69.45892672751145
-49.00096408587832,132.2905930187402
147.94085974318,24.556503979120123
144.44547598950334,51.41811799868404
79.88153283635032,58.74511644493887
-47.45060104161128,68.8135756212846
-37.30572583010388,-138.81029048930813
-67.34506714491134,-92.04047045035546
-137.67153652626033,-51.547773053740684
140.39942272309003,138.35712368325
-40.22558918692552,-138.04157087713813
-11.15964272433365,-67.18000207614708
-103.41217079909408,124.65880955111368
-35.69974459063924,98.40232139522982
114.83381065934037,110.38957643581358
75.45164817186844,-59.991071512586686
60.576958095341524,47.884890288155646
108.62955422950836,74.44238775569139
-133.52183636720852,44.27749140040078
109.70814094629338,111.73233232490048
8.951548655428951,-17.223310898053995
111.91389603532946,3.3237250139721652
22.10619521390808,9.921591446424372
15.238344373202892,75.36965035821464
17.249317438193458,-82.59805473704351
-2.4716381494633026,118.81852311343198
-3.7161072452282156,93.74777121945755
-31.879404465724193,-144.62731657622928
91.03280972047938,-107.43045904543892
-58.512287603318654,46.894423749921685
-49.86765241711019,0.25660016240874484
112.54753497097971,-61.03164218279315
-126.200145027889,-79.6905907622908
-126.0410088092272,-5.932556475572682
-63.160971092231534,41.7310205312082
13.675527999295866,30.986079048050385
-23.9254389430061,85.80855194291561
-51.09035001860427,110.35384311960973
18.1325845548472,-76.94778717564739
-70.92610184930702,-4.3448756612734485
-69.55768057448468,-91.99334186747964
-87.22210306836888,128.7690245096457
113.36411259986289,-141.61419295665647
34.83275251398712,66.90547350709397
42.423872145774965,76.48627945003074
96.8538936558295,83.47265884498549
8.676819675069765,76.17826898635326
-65.89759812144702,-144.03314741570233
-70.76554351072569,17.016614858817604
87.90266726387628,-111.79041203917492
-102.83433801098313,95.10735661362722
-56.35436223511262,119.32830091565114
67.10893259133238,92.68944813416874
125.43739670241558,-120.93403919193659
-23.992432075954824,83.37085313271822
-92.39472524628717,-116.06289142086811
97.07340960126604,71.26783632259276
-142.58184459529048,-43.12926314901492
-74.40946230018366,-70.55633325341036
-91.60416689842508,-66.41212693678531
-5.479204764800784,-36.729475395165906
-140.57524513676353,-94.15203240760061
15.387233358785892,37.48819908715103
-115.00635712533636,-0.3035918565640827
-80.68687324371139,-137.17616586772138
23.217239369032058,-56.791741159717574
-84.20304800549938,54.42607270254669
-117.91218866574438,69.97504348793058
-1.8021358097606992,-20.25620157017761
-127.35765382359388,119.79108349403083
-46.99864974038674,71.40735043808291
118.59913307519116,112.85934150262256
-11.91773548070745,-137.27868079000626
46.107563973900255,47.43131639399638
-107.26970825498283,-71.95585261070964
-77.05563721456951,-112.621967179726
37.31357393793871,-56.69181328024277
80.4009222034681,-31.373510318775928
101.69953016195598,-77.85527208268627
-85.55018273237323,-53.80484493171109
96.61971980053735,80.67497057832807
-116.42415952395913,-109.94013856081264
-72.57752099940004,-52.9680838107308
117.46671660437067,12.33907590984117
65.2937265069327,-54.171178185244756
-17.45805060971179,-90.18398574022059
-55.47124832570579,99.15654895457087
137.30942277953278,-52.35354704796717
1.3773674785974777,-117.56857068029134
-113.87826295122017,72.01017592961534
134.590311926264,-129.52227922630422
78.65551802349489,-80.52097572413568
103.08314780039288,-67.45933871595994
28.79478788032708,-77.10424966828484
81.94376805381427,95.8797297607822
14.433723390587858,144.96516857923052
35.18372923479146,-12.45555524479417
74.37396536427215,-103.2816785172314
81.38814982080953,-142.11228363695187
-103.39085529278034,10.689303182726547
110.66811594329948,-116.27690688667275
-0.7831540959091967,137.01989733569968
149.60220398651944,-93.92045261436041
-53.47638092329932,-17.367809400844124
-71.96041356674199,19.99054070546663
132.27334459104173,84.7849079225013
6.961632028575792,89.66804786875394
-23.63607982642793,117.87427232284927
123.24172881420407,130.92184966723556
140.83134134413876,-146.26819309903223
68.58922759001598,-100.16926832437846
68.49495742149779,-131.6095009399335
-51.096631390313945,95.39017827803335
-123.03442189892576,-105.76404206442311
-138.62073922072372,126.5679638854275
11.305275856506086,-56.64366333587607
-8.337727308807871,-146.60131053730518
94.41181854003926,-83.79612749494687
26.993019963422,-68.87831230648966
-18.23970375496569,50.480655278868255
123.42135230693378,-65.33759264613384
76.68217136572397,96.12066058966172
-135.9326008467013,-97.94950869046912
-128.3608958224936,44.95526775563502
44.898073587669984,-32.67735624767454
-113.93777914168857,-130.35445254083174
-9.715833584676005,-23.103908059210696
118.68408131493061,102.81471428232987
-143.369167101047,61.87624301707612
33.23730324322949,112.12016655857838
30.179872717107827,-48.106718759545984
146.92237852045525,65.92432520082309
-124.61498150971963,-102.32748436494715
21.72844806080886,64.59092105230471
121.36288729312338,111.89216099798011
-95.12449027484786,31.69723181738854
125.21103711282967,-146.05511205651172
125.33550708104184,59.554763397784484
65.7030688114877,110.38098815506186
91.75932207055754,130.85179555996876
119.97931985015555,136.06391255640142
97.721188933852,108.96922873524335
83.41455257510484,66.6790787522504
-64.71277482955003,91.72760087240422
126.32914760003831,-113.7024913290835
-82.39812574650482,44.975126440350664
72.44401136367904,-104.47582037377666
79.21262277406689,92.01811388618617
-25.546343790608972,-125.66409592001428
84.0699084888621,-123.2437470356654
-68.35202998268495,11.292802055014135
93.68081703967502,2.0609748842514364
72.94780378369333,-50.29640915015618
28.427231049249855,-100.4701443792605
56.159822562325786,46.42474275370381
97.49344634175756,-56.56278173272227
-10.195705534352555,37.84741308635179
54.204408780639625,108.27693002315488
-108.2845863649222,-56.54618704585924
96.97464066836383,0.16206551511410794
-125.9307287564121,137.29417187977026
-134.08527280816492,-81.7415338327574
-18.57388475081001,13.677197481659022
149.0307989443673,-44.023090790382014
18.597398711282892,33.705040776903616
93.86734311494237,-147.20787978767115
-137.27493053582822,69.84834675246506
-31.51875081981973,-72.75425390384322
55.73910315570194,9.265719326835722
-22.768798518164303,65.70351694389007
-72.68195850956396,16.99475703833255
5.691303884686306,10.857081399731783
101.48313855713587,-125.177611112026
-78.30216885342107,21.2857969931039
134.4924475552109,139.02336612198712
8.903275685544457,104.37614837551703
50.81612926785607,-134.24992427788828
44.69755935393488,27.973525306450796
-94.06240982136353,137.71669177241
106.5956830892822,-113.52040754645768
-21.942031530246766,-58.58224333115008
-41.21674734760667,49.9950915754259
-136.5697836268784,14.060776648138443
-3.4959233494042508,111.95188749740379
-13.686846529657572,-140.3366630992605
-30.99135509494684,7.772040885435359
-64.26663796271174,125.21207184284458
-113.17072607613778,18.120074856407484
108.20382810113841,-16.87102000877968
-25.632842075127712,105.87467574664853
-134.18669966845312,0.0778094135771994
53.39513171931753,-8.287924830072711
134.1510251666557,13.078444751335667
-124.37775472322718,-105.57565923008957
-108.42789225869359,2.3566901795146293
-35.484109838428466,126.93251966239154
130.80941769520416,-128.41312177946645
43.2185654776348,103.61997566372719
76.50292922945553,128.59412304595315
-58.978029689423934,135.171669584119
45.94102130745742,-61.953459288905265
-15.06052020554003,-33.50082028130252
89.59890463734772,74.10638607043933
133.22556523911754,-136.17079123252807
116.0665000617048,86.14741467141292
-13.742490661708075,81.75372602923287
73.53607718253946,66.06290037501344
17.075958248005634,46.422858992739634
67.44286680573333,-2.519201680050969
-30.178269494924507,-56.40036851663275
-147.0352386595277,126.29700316660592
-83.45581468210975,-29.617836860086143
10.054490209307033,17.83560586984555
129.61314221267912,-45.7340117211578
-27.14735929765851,58.488627566364045
50.76124844970451,28.58723906093519
-92.98016262470829,148.1167155097104
95.87281072877286,-75.45610572640692
91.52138526925467,-18.781538473658827
-73.2386545178888,127.31036025854257
-13.652160444330491,-126.55020994477235
-62.87267743387169,-105.28347215462318
128.2782829191163,-35.311598316421694
-2.494854502069046,-94.6052196367745
-26.250655509435177,137.5917652346037
-121.84443035141237,72.1319380967935
-91.09388947451356,35.4960947479548
-0.3392604944636446,6.12131256437678
-56.72356808893596,1.2496386619201303
35.56338108131396,106.59164800598973
-107.01467569295733,92.10045597276789
91.76980889013905,-45.079326081090784
96.81085507798795,129.18546652448993
76.7065523558137,-31.595753706753328
-84.40295789813563,146.92154277159057
148.06412737716244,42.442574934481115
-96.81108243821402,-9.038219852439283
-123.78031762307211,35.249487811166404
-142.8061837647933,132.42661059602062
83.52184366532407,-104.49067375572051
61.241925817289285,-95.67538471307262
138.25403998872565,-109.86179718946434
74.75342367700003,-38.058297004534865
-24.98828143569824,10.060077066110807
-100.25143673397577,26.580620108972653
27.152280544728967,18.93907856592338
129.49495736947011,-86.17975037768784
105.41734719739372,-103.85884833585081
118.79717244341856,-109.87740284919377
32.2719640560737,14.63529296193201
-149.51695484216077,-62.31327068081761
139.9583113338383,36.1254750442433
-80.32406319810559,51.904081514521835
132.1388978247645,-95.60387619166681
3.830777391256248,-105.33621961911928
130.03058758404518,119.59291315001241
125.9379745360182,116.04700813721234
-86.0633768765504,-105.25822801740165
-69.43301022842314,-122.83828309782386
79.8308950913891,129.05348433734088
-147.37607903604376,-4.466940867867606
-147.20731523188567,-133.7189429665472
-148.8605434380782,79.01967231069497
-21.463559720482607,-31.25578882983821
35.93064888828883,128.8135453821704
-129.09814199516575,-17.26903456027759
74.46918652317052,-119.95145727468893
36.185764136848604,-18.268577653120957
28.885398231134246,-93.94024482432553
-141.3392671183781,-12.13658551529329
-90.20485495924919,68.50806770951806
-105.7183654382687,-144.66188295438587
32.50880906179779,133.5217792522438
144.16759355676822,-18.623322311631398
40.95185926150941,-118.74210091645192
66.32282395919847,-46.045877065376715
111.12419554714273,41.33504946127448
9.140834395802983,-75.68784837433039
68.73600598541663,105.44641187939501
66.20125099444806,-66.09692014828336
148.03367912447152,56.40106697433117
124.25879958117469,-83.62896143760847
122.95128455774056,-19.073297468423192
13.891400987061758,-117.00549335701132
-124.99158128059506,67.56219199434597
-94.41175321294759,-137.66773264306192
109.27211692875693,-1.1254831152091924
8.422738913364867,-95.93116377131577
130.63573937021874,50.45909698999364
142.40282677779862,-144.4844810376959
-113.08810370831253,120.92769114414205
-53.01463486688155,-3.773514027517649
108.77596312472616,55.20414041651435
-133.79484579774703,-54.23983462802897
-109.35492535835465,16.822164102563306
-45.04775751474102,119.26468964190462
118.56842116424542,41.69507053156596
-65.25466374648597,90.61949668396701
131.1908599612824,55.73080328499307
-46.23276925905144,-131.5095484936742
26.824343252300764,-113.02870905433574
-137.72732153912892,-27.22541842349085
103.39250273714069,97.0081807218289
-100.59222150694607,0.2923859856030049
-107.36077357226804,142.54357534850857
56.922541574457966,113.4791887959949
50.33839926002628,58.33006573104237
122.35189479693884,41.47649270480761
-72.69121351444532,63.02545753114899
79.94740160634308,49.48835387962362
143.3845964442379,93.17699008241368
49.293955519417466,-1.7907681177791233
-93.92212133174755,-92.26429372609275
47.363990160789996,-10.113897162691188
70.03545766238767,99.61180600099397
92.4710859244864,-144.01419207072544
-118.69162031921752,76.87026031340801
82.87536715846755,-126.14828168236615
-47.38963946780635,53.19765924474467
149.62424135038134,86.75027926389711
110.20501538664519,115.38991430886762
-141.41432488697106,26.250582957468282
-32.95477057142013,-61.391678570155136
-141.89468158925757,11.589619731055791
48.45482535468517,-102.25647176172716
-123.80983777927736,-98.59191773063836
55.72847716531726,-70.69353380532255
126.139699367194,-118.52890759012269
91.38136786555307,-19.775390109123947
24.99066827321701,-33.18850548574406
-24.55068904605777,132.74624689623687
131.12095950519557,23.088667311427486
-71.68322219956693,67.18975904555248
-20.40957380658412,39.17163838130611
5.0851983522874775,-47.32192369988624
126.3019282355146,-116.09789229046383
-128.60236304544236,11.899400304369635
-9.890640338342195,30.139645398855976
-82.66243473885496,39.91075564066048
19.005094629349657,-14.558511328892678
5.963981041143398,10.565465825422876
-31.10772367121494,-44.940665286144025
-47.09117999717985,34.98903313799778
-24.499843358340584,12.48365436785349
-112.74601484395214,-74.05163786140591
76.11144872868906,-148.4256399211289
-1.968382518937858,-63.87543087002268
-70.21568726305766,20.02003227971275
140.8626654560054,90.57985020758525
0.6377382100868374,32.19025634479249
118.65007836423831,38.2643588944988
7.570127485113119,-63.243195788373924
56.211912671522015,-92.3938396187119
75.21180611420638,-55.15531624696381
-108.57366426711474,109.17168404448728
-80.46712408216625,84.95422022010058
-118.81357616858193,-67.86016956592252
108.50335420605995,-74.21646506693335
53.12527481959705,-15.044655548047615
-101.53191445630932,130.0674920364781
-93.69513418358275,-27.956500449099792
-139.58483978525476,28.44935185854385
145.75848003385977,-69.28390870477594
13.150769775752593,-111.9921047936833
70.38233785338429,-57.169132755090686
103.31661417746514,-111.61492902326594
72.91560750859026,82.53148076414979
-25.025420955497736,124.43774291319414
86.91943546110153,-62.21149592573663
-55.61270795444739,87.45928944310324
19.61646040287451,-50.184483854106546
60.41244274413441,-83.77203401666144
-84.91361577617285,109.42390943122524
-39.919504975281555,108.05902113404773
26.384432170815273,-61.04973821413509
-127.43579635346019,14.08418116168292
33.62840839447313,-94.70097275774272
16.692836132066418,99.49948822694046
-142.35026404226656,20.68418241700735
136.3303204549602,44.57820956867732
24.590246244814153,123.90310416874985
-30.18544244948272,137.98577609731393
148.2547074066033,-136.3153047935117
149.9010481417571,-50.48145289616558
-112.6077689808429,-64.17738968000583
147.20156105610891,-121.5885280054192
-53.390110243816125,54.998505081932166
-107.9289817938213,61.8022925002677
101.40979786692944,109.14583133976714
52.70200376140443,34.79226147518614
-86.98825773316418,-47.584751421041275
26.167614818367042,130.0605747129522
90.18161954688043,-80.88415927427684
-133.65842164252655,-25.472934606919267
-95.75418412823484,-55.00069189861257
-23.902959465932682,-29.97929695618646
-94.57264204952423,-46.00538281543528
83.68410228472857,78.40955146022014
85.08944307272301,-31.542359942785453
-126.21970414055068,88.91880937994935
119.77537338605492,-8.009220179608064
-94.54500656918805,-91.57516770815624
78.72175867229808,-33.63828475367525
63.63064444835487,111.39355354222579
-146.05989790378123,-104.59559089698323
80.04463420447078,44.229813914434004
-137.02918477148194,143.58573631435814
-140.02045511682152,-53.10721118135463
93.76084258926659,140.79333160353718
-8.230750784289285,79.55070556341457
-136.30655383906483,-77.71039495626633
-103.73784575874433,-110.9148391829776
33.685865135664784,121.63992379263362
64.61951709958356,-62.71123584088025
94.25747006704734,-42.36069572911761
-62.98408456889966,123.31162046325909
23.11385298072102,-147.11077316356145
-69.79905237220797,-56.564589519693186
2.765044221151612,-61.09654298905036
-51.61366653475706,39.48011242760765
-61.24906865005025,-66.55660784218888
63.72390958362135,2.430903823116239
29.939151184407848,-50.97464665124886
111.71913826187239,21.0584408762889
149.65542633460882,-69.95236852470049
52.611756090125795,-72.55009862498578
-90.39387478425553,-37.55958964289114
127.48839152589198,84.66609682500112
57.83470078648523,89.8611304502972
-100.31313085612597,37.76440304415095
129.46250819263588,-12.109388034607605
117.35384408573253,115.75509592604544
-131.82035742028674,133.94213323831002
83.27653589669515,68.18131438536525
146.85611864478597,77.2454414270673
-51.51448812530289,-96.47638469378433
-15.625973663911878,51.36833923373305
6.970720830618035,55.54836265366163
-99.05650483291555,-96.31941945832521
116.25042635370795,-69.86094102076454
-91.76491805964748,-26.071092279105955
-15.725979367602577,23.542323719246923
-18.333463123299254,131.129853397153
17.50627802207734,80.79046210767271
66.9086311226371,45.84577376227594
-96.92786928762918,-64.76529976948797
-110.15905807036751,-90.78392687324823
-132.57115777980874,5.615951201364311
-16.465651938285674,41.597156802890254
-121.23240804084776,135.1489552961777
-73.31789976126989,-134.1005952397542
-118.85568312015617,82.2090206496446
-54.546951183895274,-143.860553683204
118.63504887259381,14.076025994334117
-19.889853728228076,-41.10816397242888
84.03019843359147,22.719472930036375
-140.8719838321202,123.72580303214124
-13.889929709163312,-39.305623381622695
-27.894445130286385,80.69145940764301
59.45581436759056,-24.41838366568645
39.20166486729576,-54.72874018579688
-106.11665594967299,55.22757822253851
-20.4100889652332,-75.25555646690533
124.86079128092047,-14.98916908761106
53.24827544358163,77.9072006410693
-139.0459621244435,135.86405303082324
17.438988762749005,-60.137768146321235
123.81098919896465,-20.86527518970354
62.07754064837445,-39.17142498748629
94.77110664332429,33.35279145760833
108.94950742792344,85.67151004907782
116.57249657959954,-76.85190906776593
40.987664518270236,7.562639666472592
63.80583992311114,-23.307445614178633
80.74020753203538,-36.27563974651187
25.174480496849384,-41.88797911235079
-54.28910218620584,47.72122931307189
90.54953511054197,-124.06620403464908
39.97966805511467,87.95243758519828
-9.829671153455422,128.04173039434318
-75.34320417874433,-99.05687048590019
74.55149970042194,37.47478217201339
79.46825090755655,39.332893587604616
89.58318695347654,0.9811752926065651
-41.90014634672822,-107.1289646406899
-44.796519996115734,-18.29171693960504
-125.45198245217183,-87.48192239577426
84.00854235133323,-24.786956786117074
-91.04378629822088,-67.88728159788074
114.3425156044695,96.79950393727316
-105.22411736919375,-49.08562982356656
148.07276727045092,-132.08523221095743
-37.6189965115249,-61.95374912421825
-142.71734212415103,120.11436752773
15.67332654486583,-0.2269275839439615
-114.01593716761514,113.66440737243255
-53.56853431460998,-67.76434219352657
-145.0282057072629,58.486535976221035
15.716406984649069,140.98165412418047
73.6585524929445,-140.9038993784731
98.1186559060516,-55.49665407137874
12.396317217651841,68.73884382589796
55.443566036793186,-12.308923446207302
54.015846878040776,-64.7665976403573
-115.09032169356897,72.59616928343002
-79.09439607822742,-1.647703947658357
-25.528257924941315,-91.61442759700543
-100.85910251024131,144.6008532813927
-129.76211185991463,5.054840822491258
73.31758427757708,-19.775004405540216
-96.36420602082933,54.31646420598108
-4.651475572300711,93.27746190285723
-117.6377513069423,46.19638276477775
-57.15044486734813,-27.128603354769808
-133.32871446554688,-104.06445920243127
-138.97960954266136,-53.81680195380521
-83.15800158521212,90.63141047461022
120.28685352543107,-90.95265261267616
-43.98820392306128,128.65999137095343
-89.93570851492572,-23.54664924462297
-95.46814532584841,-41.310328337943915
-134.45595078888007,94.82875542738341
-125.72493488485374,-37.71392002685539
12.045050444869077,-9.242920944900561
92.5130808726509,-111.15611348827527
-36.56895169990614,28.020785998247845
-144.46681493025406,141.14347424821295
56.029933611903374,24.721512722706052
83.53653638918195,-11.163690177044032
36.10579417095906,3.9803045931814154
-75.73308861710206,-67.30433569842477
-13.718796666488828,75.65589171916733
-100.94680101119073,-106.8064096359464
5.602094342440353,-32.38303946275815
91.0878514509968,4.198825280875525
85.03429231396592,-145.6397091309585
-41.50425513249539,-44.82357161474049
-39.0609206982067,-131.45198155567448
-133.56451968667554,-130.92970849212747
113.91584913386902,-86.5039763370427
-30.051388433678454,67.86696375838065
-47.977288669293856,-51.94666553673561
-135.75638316724587,-125.14700503078367
-55.56157086471329,-81.001324197775
-40.24941328852859,-5.774986053846931
-68.39618643240777,-6.673070562303678
-30.43825537850654,24.952616368579726
-72.43527791245563,-37.59491870455851
-76.97718097372321,-59.52973099443365
-90.3046971312174,128.54140706103254
-23.89706509114795,-101.64372532136065
-134.1751749359864,66.91793129997274
-50.3693631231463,122.09513023915304
78.02033116240594,50.799858003232316
-142.4455748232196,135.02269378507953
-42.645659804128826,97.30810767814901
-33.69209585978504,119.44657361424515
-86.2750654830951,13.658700277723284
104.49903014774645,27.13079119071918
147.700268463491,35.48254218959633
-64.3732847519657,-90.55349177555618
75.06805350675091,-99.80674995168192
-106.50900549746844,23.00830069599246
130.6141026435987,12.866353904107996
-144.80970858912804,-141.3769902738327
59.47808904944614,110.32645617909964
19.47467241889845,-43.63815388892024
-88.1456313404509,137.60463826523574
-89.857317330932,131.12276540457663
136.86423833220306,23.055318055635354
-60.582498022475235,112.12135560867068
65.18523394222368,58.86020119512841
91.4640846075888,-109.93556969678993
26.651034630253548,45.62334546377619
120.97374845270593,141.9959174608357
-62.12071039899095,1.0030014958072968
73.10427761860646,88.44876720639064
35.794338919747275,144.59948721997233
-68.58995552077747,76.16820643136549
-81.43964387984775,146.79198471130235
66.51112745665208,95.72983083348859
-88.53663904255083,-132.41333105253943
-84.52763516851418,113.39104283270058
20.1439769389614,-72.87561984276306
-18.392576829195434,-31.004396012768424
-122.89616952006908,-28.739868388611413
95.38976813616219,-80.60993124261526
-127.44285307844146,-93.08297187504203
-44.074654691840976,14.295916923920657
97.36125453451865,-92.36968057365874
106.88587194989924,9.2299146028912
-109.267973327448,129.94988096518875
-8.393207866503928,38.71443077852584
97.40297292449901,-140.05891541979204
29.305492320911753,51.425615835548456
-84.85445212624718,32.82761138508212
81.36105496987375,135.1041770797583
-64.09205542666861,-66.26152484888055
25.515096127776246,25.9464269217045
79.06911853711051,-77.69295563339314
18.34073010816303,141.3771904949627
-132.42230683152783,-37.10446619865532
-28.07807075156134,38.626319735173126
7.064828366146088,-89.74156407188394
-136.79945582578253,149.91725371434757
58.81898842651282,-22.16719747061839
24.485227399477907,117.74734501754949
72.07087906667977,46.71276556786947
-63.64169275127503,-102.80841761812763
114.7663379550288,92.18966832097206
-27.054000111567163,-12.043436257394575
97.16581773037308,-145.30438069678195
-37.66194894316584,117.16069161346923
-12.483478942572532,-58.43234905104657
-67.39766636757733,-105.45458751190273
92.99561763077207,-3.8383385944569
-25.434239905954186,-71.2426180569309
-41.3357082663136,-141.84246338842036
32.50510632427475,-123.7664777509211
-141.8523155270416,-146.2070658202595
16.770879727893856,97.03687276256983
18.53284601226835,-144.38384134474143
69.68732721328959,49.057578812416864
116.56109298065911,6.956215815495085
25.49145144318902,-146.38304530323975
-111.6294023117896,-37.637625452714246
25.909042679802695,-22.329117711232755
128.3514738427504,-11.424174546401957
-90.21023897574558,17.239558537839486
21.960256599480402,-101.87151979447873
-119.73309953790228,-6.201781782420255
-143.133853153369,-44.37697146147967
111.10593052901214,33.04867672012733
-101.70493848109766,129.34619032489456
-148.08393960698706,-91.11212791745817
103.43781355847014,74.66942934751651
-65.55323537563918,-101.38249963053036
34.51650145910085,101.02106055333152
-134.42845822099463,19.150622293264746
36.52992350054822,-15.253992697203671
-12.699841548889566,-25.926400376678558
45.759961023245296,-146.84465033239366
108.28203613890616,-74.50572375075308
84.57757401801646,125.06296872728802
-29.328837831023648,29.276934655385844
130.10227232395522,148.53011960775814
-96.96278082122461,92.88569677363822
144.83533401279777,149.24740715228097
72.53804212305266,-123.29773324995071
-23.358676972580312,144.53302608126228
-110.34089535600091,-29.152177066084832
-136.5354627173637,-142.43943307690753
122.96925697272172,-122.89724926085242
129.06994527036494,-29.246760607265017
93.56481573039534,107.48332447034147
10.461957406734712,68.68932011819012
-71.37696891554234,116.19420072119186
-58.652408740086486,-112.62857541649909
90.19142122057241,-102.87264936283711
-94.80879432797893,-44.83965748904522
147.10172950605528,-17.320134758869813
-17.37051422539804,-106.11017078011808
5.135633267028794,21.863623810015497
-80.1497897011843,-26.461867044935573
98.46210127452986,149.68036522243636
-104.30852620484252,36.20870610499463
132.2045525177723,-16.263184074757874
-97.29845153482572,-26.354431691398247
4.955223952567508,145.1880455827503
64.67782156748089,71.98141154844316
16.971826158383863,-1.4094529138217808
93.91653150454064,26.789292462828257
11.054137506261299,-115.21872565045484
110.41743637773072,106.1697856385963
81.64790206513717,-46.22471354716163
-57.16867231470593,138.84210501798344
11.667540213999473,-120.20995392552928
49.707339762215355,-137.58002836340722
48.83852125921476,127.95625068353075
80.35225786016002,136.10325534431547
-14.70795590638295,78.61583930959966
-31.38234027721586,-129.52788840778473
-44.58172808823676,-116.75375985535979
-14.800430023979288,-122.758908950397
-145.85489983083735,-130.2369203190689
-144.97903236625578,-76.72598856158457
-112.92732578269391,-47.26708989678842
119.00980213035768,86.407300155012
0.22969584049664604,-115.36337569717314
-87.20763245574588,36.59803943241704
41.126379136727365,108.08680396769995
-20.746194680552037,-101.999609445641
-85.93175391398914,123.11237179597123
80.6700690643716,62.856800213033694
9.086101613038323,-121.85581147435595
-94.9868131395868,100.93226673857609
-60.827688097330025,2.8827625810007476
-92.620863976338,-122.3085527045119
109.08740187124533,-51.57548994419123
141.66705992248836,145.04045180791832
-148.87136815513074,29.748075772754476
8.406861257409872,57.22632837389648
50.331966277370555,-137.9449656982584
-14.28234017014779,126.8302088060629
99.15451625350192,126.48755899201126
-54.991730454980484,-35.65810339161672
-110.54172510865224,-85.70991813861379
-99.75146754230768,121.32020026605886
62.53662750155365,-119.9499236180731
124.22119476109964,-139.99540813988872
148.74400092063104,-41.012208197677865
93.94712282870023,-104.07311666085353
-132.7116990245056,29.630393909408184
16.071289087043397,21.054691214921547
70.69589749752888,67.7427698825069
68.23827155397606,-83.74751253696355
37.06081770173776,-35.879047202884706
48.70238511332826,-84.54207095137221
-28.544762040500984,-127.97113688686352
14.662119353936106,-73.7634027144305
-2.9560565698834296,-75.18577478921756
-34.84873903120274,-80.55875236876706
-120.8032457146421,24.428938954659486
-146.42073365506016,-3.965199790451152
12.5669667108088,69.73020007834617
116.64284730420172,-145.44666139304624
33.837239925207314,14.830486073997804
-147.65780123664638,124.6233132332676
-113.36853909406318,-136.20352130498568
72.42467771748883,-93.06306796977844
-35.80990996523768,-2.9236082222430753
71.43499328201324,-38.62127294219306
140.54923109258465,20.107120391664694
98.9952983742464,-103.03009872140342
124.21363028364749,-77.46757557459699
-146.8623659019568,52.190557758448165
47.680768922512044,-110.68452213181334
138.67835382436095,79.66604862179611
49.110154513763774,-34.416267427080896
-58.73422182831413,60.64726561534397
-80.13290752155932,-113.79482592279965
-47.75018986928376,-121.25994361634955
-44.438789365683945,54.48568522219284
-2.8098152996137173,5.897702845023417
-34.99656693559615,-139.20074106922766
129.15700568185366,19.65985070628139
98.90123296376228,15.620006191844226
-20.138346451515247,105.76220864639544
147.28056390995158,-51.551194569880195
-28.415223554228135,-136.21346692963306
59.77553809451419,-143.50075651690975
137.28406935559184,74.28567930919198
-105.74652433817603,123.16778964833196
-28.777085701649057,128.99772628996448
52.12792619501505,-115.60774645470946
26.66641224809598,-26.56730761864364
6.5736028696580036,-138.22874938923073
-149.61973241707668,123.50398055371136
-32.11713982163255,100.80661598873331
-84.35573124704382,-86.45786646896936
-2.330962256046149,86.67806782102502
70.67870621346768,-61.76711518824874
-77.20920091743628,9.128899010793049
108.02346306336449,-111.85741464739624
-140.30486503031105,131.20827265961196
-39.77190230488283,-78.46223729028326
118.30942416892623,-145.24388127458835
-95.96218185304679,-35.9116260728629
-50.131419122198224,19.886433952876587
129.86348436873828,146.57000623900183
84.9853582011176,48.37028088945107
74.22237228448756,122.97518478362514
145.28416986999633,15.706534234730583
7.819879164466329,-119.74308575436649
101.599777980076,-41.44230946023542
-97.64912980700308,-102.26444779837729
-5.805898994167194,128.61512002896524
138.71243385447082,78.82829577615107
-57.36677904272098,15.620360258663823
68.99472153990675,93.02394032439312
103.20989734178409,58.62305769885555
-25.54347000735197,124.52761377819473
64.78324536484328,140.90687036416978
-60.905324136638285,37.27942579400488
116.32305871899052,86.82308069285952
61.71658732296089,-120.87345564812686
141.3533027012033,-102.18102708167117
119.15465580082537,48.49020893994691
-44.679724407772596,-98.04236647626458
-99.84295611354108,112.76555757605638
53.791311249725226,77.78893373505616
51.75327413253052,17.027014945522183
-23.874597428892457,-69.87290950761997
68.03169748474488,-45.06378044475021
-124.20610375310682,-134.48690560918686
60.194355937561284,108.14806832647184
-125.42640989671129,-132.77186112157736
-126.80370449539697,136.73686793646914
-28.615370844146767,22.68904432899126
-24.530848312862247,-131.35964516057285
54.476370382295926,-45.299023056739756
112.65166917732739,128.30314675777305
-46.64824361210216,10.264402104881441
-6.465701221150653,5.129731111903908
-8.92034199359324,104.95835331503991
137.68972983870566,46.1108589017972
-140.50758683776593,52.63910243226107
6.367683330481867,-97.93732373598687
107.32333756043039,123.93419865826326
-35.79670185064519,-62.360259758937914
-115.97116965873428,61.61684130445201
-124.74120423792323,24.264042804973258
109.74703749640958,-15.259150414229651
-13.43030554946344,147.19038044352988
73.79539664247991,61.439241910539465
112.28685665353623,35.973079264008646
143.1505235128608,132.42092207356927
122.94906525676726,147.02857300187264
0.5263493699556818,98.16528402429859
16.883125267927568,-64.67004841637412
8.850038951542047,79.01239267977533
120.99584811715306,12.115491713808694
-142.59101736953832,-58.17599438111701
65.65333216574558,72.20292392164416
117.6919289757929,12.297641975732176
-149.85250620247575,45.55312092619653
-9.2640921443448,-149.99232914041448
-94.19320075551185,-15.424734417545011
30.492305422989517,112.92969553610209
111.02329771927617,-148.05207441049652
-110.1224141758903,-54.08718226256509
130.15170132324653,74.8401146560073
40.34836463676044,-57.31295767483806
63.88475719816387,88.00639913151784
47.59322125564509,27.134722505256605
-79.86601037148131,39.367923310151184
12.896743253001205,-96.04642380666274
-114.28403866205485,-12.423639736042958
29.03300583439406,77.22728701271623
67.69472209305897,-15.483174709829541
-91.0087683305608,-108.22081109910715
-121.37480728008097,35.51525759802976
-28.498286085287702,98.0790541542732
-42.38259837000629,9.73902853591838
-121.7728674457907,4.601505393572438
47.49130980221028,-87.20617808846823
75.18031605851968,-87.39360905884668
-93.72124680641122,9.163796779447466
-106.90233264109034,-57.395516294637815
27.226279072044292,-124.33580747849616
-58.75304115633439,149.3637092247364
8.825781130397417,104.30551904958222
118.3408048992182,-55.55010045403999
-29.419227906230333,-134.5114632249232
-26.509384424797872,-76.67637351298863
4.404141802205629,14.225999071009056
-14.7090342163836,-73.73128984642963
-33.42473712342401,56.97845053065316
89.1876306554067,-77.6936648435945
16.984869161465582,-81.86408250426469
109.56311060622545,96.96610672381698
70.6884054853069,-109.31839328120753
133.7169972022807,146.5434987897126
-73.77037563942723,120.22479958906945
-50.44059621820574,-21.987315556325257
145.42718937860047,102.91922089943165
82.19884214055756,27.332924642058344
108.87982131570521,61.6539765999525
48.73380134373403,-141.27597304110722
-122.10014078411075,77.31844314805204
-68.86658494044566,-112.11470831235741
-144.97958936283553,-23.511251804682914
-58.42419812279729,-12.852702431140813
15.584014330387049,-4.809873451823989
-97.9317568335129,108.52185179996684
85.78634176750978,8.931940273516744
-36.221048454257954,-77.60551977374769
-104.17209705266791,7.833897237240109
-75.87372176200611,34.393421066035756
-73.47204898082602,8.905564715281656
-112.46698969002648,23.250556967547055
68.79736066789238,121.01209803270172
145.1863024176012,-113.2173781906418
97.25664201640123,121.2505142422117
63.28744356737977,-47.34024793401903
102.69076590852038,142.33868513606973
-2.427593323561041,-40.2250214837685
-20.76653613828006,-13.314363349727245
-79.00495918462431,116.35772129547462
-129.69578507146565,-6.174848088258528
-117.8216958665881,-60.67386482449179
-54.577331569421915,31.117413532553883
47.511239489652326,148.65537484893105
40.77572956929089,-7.498416439145302
53.6151420969106,3.1834567220667225
-10.744023984993447,-27.856471950544446
50.97042667461568,123.46102751335542
-60.018925259186645,37.12660338011955
-77.47738538988791,50.86433512506832
63.81732588290248,67.37378614267351
116.37452809505209,77.78249313927745
4.231533351507295,65.78357749554584
118.32403022215789,45.23221150199498
57.111963347572186,95.52162028510077
138.13860129317538,3.7936810034866824
12.146384021473352,-36.24771301291666
91.4351165422444,-107.18653848644806
51.76740239331721,39.57660824679928
111.45413158938834,99.59930010607891
-132.8700107744067,-111.50294673382736
-72.4276438805304,93.00361795229614
36.05172019520461,-102.89779847456717
-75.96320676092945,10.595648089204161
48.493154289933926,29.464617790914616
-40.48097065996288,-59.25440222267336
54.11631307864661,-85.48703655448134
-118.19722771996874,55.0512421482899
-32.9509611062401,75.04491782903617
-144.73856371022802,-114.21437908287706
-147.5309520360059,-131.2478789248342
77.12680070868757,36.885993217338665
-47.9380204395017,-16.68632903744529
139.17568787482872,4.405681370438089
-103.85033195578255,-34.32225323936727
128.785469262089,-147.8214032778539
56.749223660760975,58.10451939407355
-16.525243376244816,-82.74753569132768
-144.9570449512412,68.68191053118471
-71.09619595281671,-3.1135041664861376
65.58846073211535,2.6631511840405153
-41.99315360467507,60.290970441687904
15.448098597784423,-36.16217769631825
50.39418524510427,35.27465691809161
-91.72703775421256,-95.15517404833761
-124.01642650711473,47.34531750929301
119.73078309756897,110.29625740844716
109.25732875248463,-88.74574496952279
91.35256254193231,132.70746353259517
-19.824408409948944,-26.46977157426636
71.7777693945796,-82.12368336215134
-124.00530763394568,140.68520228054962
-70.12130391307065,142.94575485533056
-2.759210535996033,-28.60488305081718
17.899142408820694,-45.66641177699525
-138.4052456044975,71.25262541249444
116.44723195602654,98.65186257717721
3.0349914146213166,-39.86860196867633
-82.11376298595998,13.39035211893409
-133.47263175402153,109.82355598368872
4.7093531861608255,-82.26911209914046
111.65533595739845,21.13656613836298
78.43071220367602,145.8600353609532
26.718799238571762,11.162247644998416
-78.35384574615615,-47.85637711602671
-97.57557945596542,-82.09566192342528
-131.32929079060065,-142.48341413549414
-92.81472376399614,44.74357116948221
115.2209053469328,103.46253285259303
-56.63291170352461,36.93214521512107
-117.25013671352964,-10.935963955126084
61.681686559535535,10.36657830283616
-124.85842640503594,109.22441879192024
23.168019559116658,-24.65891662377132
-97.88107560494525,68.21348155282163
137.99048801693067,138.55097440455393
138.08633406921507,-33.33346814477443
82.34368321303285,68.6726213512982
-81.18110228728386,-58.86983210185723
-4.740452081014922,51.16213059063648
96.66516912511858,-111.13053707057743
106.75064530022854,-22.435444117182826
-74.42873329468762,42.074654704622645
101.13967448727288,-63.29279787126846
-42.58988738079188,-37.09984967946076
26.52112422345141,32.428336637552604
118.08371801199633,112.10802070938558
67.49150988500153,52.215339819946564
80.49591327416451,116.7680288582738
-47.60749738559724,139.3835242790679
-3.092339518896978,-14.767523664596979
-85.12606163283863,-129.01717797891197
-132.24142249162844,12.036678525606504
124.87380459726882,50.99163912536338
-79.5625062360065,132.8645037350396
-108.28945157244326,-109.46807555766034
-10.824167215893425,-15.025754003048064
68.03966475049765,-69.54654599741988
-41.36532901715769,-43.37246135283664
78.33985953301035,-11.71706975427034
67.9893232692553,50.31944629977252
20.66132121289064,55.10610866270298
134.1095946990696,87.84064319629493
-78.64853505291266,107.54335086549088
-25.6177932030956,76.19153149011098
-14.273345307508407,-54.783840168028334
-62.7577609894243,10.028981523501528
37.670733974480584,-48.02764489208192
100.74769825303827,-74.27656243152273
116.65319593238013,-93.56100136916538
15.94210812559919,32.77767283554445
-4.900092740089292,-40.30492450789579
148.40513662858893,-22.36664096468367
31.01658568078352,3.940661490803194
75.10822641540514,-28.381248664242307
146.74896455070433,106.4074028319584
-89.93622596503944,-126.07617048496876
5.319830682996297,2.3192957760323623
137.8911558087222,4.2559510721799825
82.0012797848556,22.78793871801858
45.26545009786889,-101.20113148888557
-41.19697499173431,134.9576871337024
21.12898549816316,-66.13780352823997
109.88435054148658,-66.46445634594033
-2.9209167166132204,39.360455998995434
-66.93874231400147,44.58879642492849
145.57875987527393,141.85413008942191
-108.90860491787342,148.17603347625226
50.18785932883537,80.78612194887867
132.27841415302942,-25.97087132443903
83.36776623895577,8.368395696722672
-35.195377699246336,124.53877283302387
117.21257223202991,-14.38526140137921
-21.321906696605026,-100.33333230491135
-122.84221725509289,-52.039233700456606
58.23509987323081,64.24502211537126
-28.636896377480795,-102.45325745259164
-16.72695020835988,-125.27134893472137
40.59538706783758,-115.82241080281071
140.23085679672926,72.57958500791827
133.95236993942189,-69.40253570605825
74.25914411486733,10.984696049610932
10.124406178482218,-57.113975047288136
-11.99976097187212,-149.7162187938771
-4.542455744444425,24.657854242232304
-63.22452810258203,-28.231391504876242
-88.84777975551557,-67.6684894517524
-6.95571699044487,-123.20659665830811
52.29782985924135,-129.37039586845313
-31.446333554407232,106.14585367076859
-83.42988121356228,-69.1975475127462
39.01143823289502,-47.70564797250273
46.33304057158418,60.26803571047435
-35.54450774352887,59.56705566943421
81.39516756590564,-14.660294366846244
61.116326209327895,11.96689721953149
-69.62117265008966,53.7198408859139
114.04476050183149,-3.6821570324126185
146.199287594402,-110.25988627026608
-14.786346173396339,-61.72432178840282
2.502266518341969,84.76564635620261
121.97552751338264,22.893024556636874
-88.35965953738855,-24.48432190997454
110.7621709097001,-115.75047279507677
-112.73302867661354,-94.28775427828172
58.12621432598388,76.34701846356162
110.95910667246557,60.3826915743621
44.40982142184171,-27.534006654951042
47.6318004321746,127.75790467759043
-76.37905054007064,122.90324739075248
77.56760604415251,144.43618810598855
-5.173722608447548,-109.45930332544049
-39.92297686866357,41.45105459844294
78.5967057007758,-64.2471300586336
46.49566727664893,-51.2592880135319
110.03305399348034,-14.327111972588341
-144.10708374951219,120.40045058140623
-2.7256301452615332,28.19908788010602
-120.74155347811868,148.53600571088458
86.09312003783793,-51.58004739231269
107.86562434416703,-106.47976369559798
-9.290781421007011,77.7717190282363
-2.1444533750613743,62.211993405700326
68.14725527822304,-49.34603003674033
-43.673826208295154,-110.41549888765272
-146.18580978157445,141.23695748574642
56.03217563495849,17.35004520196074
-100.5487672356409,-27.58577642704475
-89.80037776605923,-2.830903631230939
145.40701176876632,16.02830859994907
-70.45985325292108,33.65615419427064
15.262270736902707,115.28686941165597
-60.68836701630711,18.772797446384203
87.3371974080689,4.882194234863903
-147.20453468528223,123.70498951981943
61.2655738640031,91.34117273468374
52.07418507566561,-60.71863861983637
-61.957771507763866,-130.63578843216766
-7.441573040343457,-68.3273962354842
37.45144297699537,64.80683646212125
48.82315707501945,-80.39514006198998
-35.18161490158815,67.89886952622885
-87.13501330411071,-92.07365835622238
-121.95902474731705,-119.07734025280811
-111.58450511965646,147.5783257560957
74.20730967540169,84.6271043921549
-141.84812967461642,105.48584553659464
-63.53000484168692,108.23585138174263
133.4168529695413,128.71628709168573
-140.33945479439285,-2.134645500721632
-72.70751895853807,100.04204290737766
-104.48941560760005,130.42229270388282
-138.19176980365398,-148.6451536869235
-33.59034099774074,98.18435009470531
-123.62612108248794,44.395066504030694
-109.55298501744647,-32.5072432652136
125.73428649361352,58.43495436578431
-55.79695917832349,-47.32105290256003
-58.750088958867096,-34.972739294481855
-76.33822555051563,108.61542512360836
101.88830110176741,52.72046007480441
6.5310337012120385,-40.19785041454267
-38.96167829012295,65.40536909866003
74.12800651900073,69.56197534110186
-146.91382225872036,80.09774377069604
2.3744271928717637,-63.769638911174866
-43.828072391993956,145.41672671168823
117.15016727125368,-92.03078742316366
-58.337232050696,-121.53036407237282
107.31008724048729,-29.985806786073084
122.48614119668048,-51.698165806724134
-120.90490490922792,78.93444434690534
41.135412069311,77.49766030557802
71.4403944185695,68.65909973822323
-89.5980556547429,108.92985347323236
130.87857593236953,-32.765153473963096
148.96935493531106,45.130605711219005
65.70957713151441,-115.7372077647992
35.29767649473442,85.92676571181383
-56.31682638701005,130.65364697147925
99.92120230282316,114.84959158795289
-64.49198390767013,29.472822147097645
93.5511475532303,86.47359526199585
-131.9170596439203,110.816513939159
101.36831021497838,-1.6968287177789136
81.62951945664813,137.55367216247043
-64.77005120185265,50.23340848497236
-90.04320262043066,147.3498322248492
123.39918529508964,-88.68485137239973
33.26574570810061,71.00924625881876
20.41531762513975,21.607854804623315
28.956456981340523,-75.34275125658718
60.113796789950044,-44.01662936652822
12.401498179141015,-147.728182175265
47.900222594952595,-103.67029846604919
84.80694109138244,-146.90857973175218
-97.9533435197826,103.86798646382414
76.85591883709174,-40.12484661016431
-30.50166804563223,-143.2798269508657
-24.37780569681233,-59.047592142933325
-37.80933505656333,104.8882847445943
-88.80783999837578,118.89163618466051
144.9300979470683,76.04073126665352
-102.86657175172957,-140.4469552610998
-137.5351036211903,16.72167651080241
13.774305693525235,-44.435444485613985
-81.63187311319545,-9.191943369235815
133.72177409697787,143.1598028841001
-88.39536087313,116.5723091771157
-126.90542106653109,-5.423364529521962
-109.0191340121668,55.02448207316536
67.26159128953933,106.40644685463775
39.32774863094551,-101.48791077851408
-140.8211837346578,-23.68810345785549
-144.4458974224461,-137.22138801939843
-142.63381915775344,112.278640059976
111.5778544581799,38.50090356215105
-108.11137899317467,55.358927639047806
7.512176657336823,46.20999221716079
-36.4442449298144,54.217459650379425
-78.39613812963692,-81.42338554836418
97.11308262692216,10.876237313328318
19.528518198983903,-48.08212966177034
3.7283143809345916,-149.77800517711034
-29.542913369071726,41.100517080313494
61.75434831716217,114.46686402169217
61.40428362512577,53.34829016012179
18.001010546926864,138.9266707643281
-26.363212326387952,76.15846445940119
-9.279041782226727,-110.00800629405097
-7.017218992865054,-74.10085254423238
109.41732255529985,36.1130430687667
-24.35519485345715,90.92418053147227
30.581832347958,-128.1036007298154
-140.2410844009413,63.68165155559001
-5.053816658597185,26.956602597733223
25.941798327331043,-101.50414097911376
-52.514461427136965,148.34417702159692
34.24385883925939,-122.39320241949525
129.8706095561244,-79.70212908043037
-26.26825905441831,-54.30002112278581
-145.52302546766262,56.51267213997912
-139.12230723353406,81.16142497822071
124.16447309058373,44.88462948749344
-98.19661026744569,25.788545624947204
-64.57441136546547,75.91259311651595
74.78336066702033,115.4400557485198
-76.4491004583007,83.76234696681288
-108.60142174124596,67.73452669695905
-57.83512521838672,-36.9987888397456
-111.93669692471434,-13.701558516393078
-29.79322577320933,-88.17239381539372
-2.254432765985115,65.63427209941014
140.7799169958468,87.10706767236903
-46.36232873493641,-144.16669359731094
70.82838286822027,-93.81023717121762
-138.64347764950756,-57.60608653072305
-33.486528082522966,38.55420008471333
25.24370628952167,-63.11419178639474
79.48781807558453,131.42442291240621
96.93857750049986,128.89514864661044
-47.424384651409355,65.60010182007011
10.751980244112474,-80.23044382138167
-42.6287284139632,32.73826700354127
-71.22945693462594,-4.734097013733475
111.51790864630414,54.963224368665976
110.97159330707547,-42.15838919796366
-62.62545960647478,136.684126437246
-80.1496560891236,-40.06138017305723
-38.97344614680779,14.625640289131127
-146.81685065877312,41.07213911331303
-114.77578239448306,-144.5567872898865
-102.04660103206155,-146.4739626505987
24.77418663409543,-4.991872697402442
-83.50395130840104,-38.52125971781135
-82.58880481211683,-93.09754723237344
-103.44118489266155,-142.88611763496823
64.20943911512671,-149.30121544752652
-92.53377646296248,-52.219603940582914
40.15899202561212,11.975791185430438
134.0554807186349,-90.23024035145492
-64.4880824247063,52.739048493574956
130.51332182172217,-129.0426273228467
117.7233770896919,-21.98548395949345
-113.90190130924482,39.724375846380156
-57.47834985423144,-70.44307406871961
-133.54927245483904,98.4663292257649
-35.89694624290718,116.45042273638973
-73.79484465944998,7.707381410903025
132.62670906415337,-71.82828205124086
23.217276831909913,52.54824433835978
24.704568718984206,-24.120576661830626
39.452706400460585,87.67720373798866
96.70719900356843,-71.54013362149452
115.98601960253075,24.799579967222343
-70.70780736349724,-9.285784443966406
44.50463619332743,118.59987219029085
-56.01517698229274,142.48876406647105
127.16427465415308,-84.53633840389139
-88.77506723395561,31.2614822047814
-17.6293255654559,-138.20747570212006
129.38751089281357,145.57536269708737
-140.500240421301,8.451691789369335
12.958582790944348,59.015948472147954
-76.9864446245537,-80.32214889535891
-55.15512050594481,-93.36043848621385
-33.827479764532654,-113.7552414157586
-145.62765268690066,-119.33761807112816
-70.6825018737544,114.21184650455177
-86.90721660111785,-93.78330623115991
72.58438073271904,135.06431422911402
-65.24963467272428,-133.01473816165839
-46.272696228933256,3.993409170594475
43.12618704334301,-57.09614156903241
-85.00214954000958,108.34801641021858
63.14701427441969,65.5992764382616
80.45990591269421,-13.909308045483613
-121.87401339364251,118.28023124892735
122.6597196312079,16.19127282932112
-107.15264384657152,127.80274785972449
-23.12189731400845,115.42289969703768
104.12135399289227,140.36238991810546
108.73656368548245,-142.04932958009778
15.963351152293939,58.7261957629637
-144.81607274249023,-93.98155780647014
-43.003174769134006,-32.01524357722995
-38.36036825914904,-107.01653815172344
116.87312082399893,54.85028589532169
56.58329117765379,-13.733316171772799
-144.45180553802678,55.56193737027235
-11.629993206257126,-111.97372630312105
-43.0491474389531,145.02009072768988
-6.275644374869728,10.565652498090799
3.7198256671439935,-12.53306166252213
67.69426073955461,129.90966756987393
131.567393106706,80.92511186642207
-147.0412716996557,92.43322174898785
112.50289232862787,-78.99654159458098
-82.18893201048552,-4.864533705275562
26.7327876034922,-52.79108372304252
50.37156216236599,53.70129903306332
-65.00752598596932,113.60510102036363
124.81636097514792,53.34386411987279
-58.54067932214342,-1.7937307917779606
90.13503853079678,-1.438298645216321
41.225906289789606,5.678271432155412
127.98481929646874,-26.601155346653286
34.45751864530118,-5.2819782294098445
-17.542035602942804,-102.80755645724406
-53.20913773231342,-118.56109097082305
-97.38387137964203,-54.728881522434975
121.22172212990483,96.53770981278672
-47.910282457345104,-124.93848337217133
74.38604810728046,30.86773448048089
126.14390425287337,-34.982785807227344
83.7111158429795,-46.60592547795537
24.794182393625505,-60.32212344596341
94.80795837962981,-64.64614266162599
-65.12455290609893,-31.333993327461016
-85.64738665163812,107.11366116277685
-133.100277744013,12.713658420587336
123.63768166248263,109.02202061177206
-100.10677809783942,61.869151544918026
-73.75719062955459,-127.02154373045144
57.5763418117985,148.02459187128528
132.28955080453574,-81.32622393960091
-126.17950723347317,-113.18438570905974
134.1773963569762,78.29400186528991
127.01453121578186,-129.60048731291016
140.56706582299063,40.01856590676459
-53.84189169144419,-131.79349839318837
-81.09480525929357,85.1378433078959
-22.44483848702626,-49.19708702494064
19.846605831260092,-28.54744533475943
39.403825196810885,25.085662737720014
119.04353792616308,105.67157124903963
-47.799808571731035,141.428531042594
-44.258937420777244,-139.62759437202408
5.97604103278519,41.184253154164566
-18.261901880475193,-20.164756397074257
28.492569899448995,-112.36244029343453
-31.53950490923347,61.37683524247845
-26.93429161277335,-72.59737950014396
36.99401192899967,-41.6862255496454
24.57948967668011,-51.12924820534707
31.595640375080734,-49.25935026459423
-136.5675841988902,-143.46096170909138
-5.077307835317214,58.0784822083497
-130.75493364415777,31.055644936974147
109.68341668745899,14.060664939804468
-6.380290386455869,-93.83370600608274
131.34866725538063,127.56486898361948
140.64771858414474,-101.08624616062801
-78.86036586969638,-131.87651774373984
-101.41773011618992,50.67959101122395
-41.70646968669941,109.25230566937944
139.20797843054538,65.1893535958915
36.37710432089,103.14343382383899
8.514863405995953,-19.371971609277182
-129.27695048526147,101.14143421369823
-78.72561160407834,107.50799773687186
-15.372029794182254,127.00789583084031
-31.40062149630313,-138.6422655157676
31.676187968181324,-146.8124610729788
66.40390572082532,147.97611377860795
114.09733095986417,-76.35899267243099
110.48500827314365,47.8771437639669
-13.016481298675018,11.78357450935738
5.382708061304129,114.40887524872431
142.18290027015973,-31.437735467620357
-131.70511272341636,-67.9783308387332
19.851301313229897,-66.71758005384419
76.59736124370755,-134.44848882673745
91.06163984906667,19.42765037211035
71.68855509358482,-31.572114016801237
31.2609928157444,29.057956162791186
-21.510526651250444,13.104677184280746
100.41869844211345,-22.492784612064582
-46.843149973961644,-77.23466327395147
-134.87172594189883,-107.34672328679784
113.96567343333726,-33.42089420741313
118.4695002925057,-38.73190333484689
79.50764048269352,67.07006307915552
-8.561661559146927,-138.55660167070243
38.56282698830057,-102.9294135811873
130.03114320501976,58.513781539462116
90.84276248617937,-56.51386668248334
-63.66664166530032,57.88811709053505
3.5358313296928827,-66.99648368807745
-105.24387474137976,-18.079510118458785
83.8285211428562,-28.192619379070834
-6.518919451233387,40.600638044189
-99.37101439761676,92.41399196886829
-90.84022524484334,-78.84052686888077
62.594813677112825,106.23891655207348
132.19742298776947,89.97447935187884
-95.09305263011174,-98.44353868369352
-79.04668471596645,54.364531515337745
84.68363817463236,-64.1783060837895
39.431204447794556,43.824680097865695
121.63511870609778,-81.71003944680885
66.33610077550654,-28.011729549811974
-15.902235251481756,2.8570915187099786
-7.406005998126346,16.655026843906086
120.51793939801433,-141.85735469961415
-41.88889010289702,19.885869912122644
143.57839331844627,-79.77194453189854
112.97017154614173,-77.90372923213134
-51.717008031385305,-54.50023946952537
-15.677288776669855,45.47448863034194
-16.153753248978774,-149.06202747253502
95.47333059510461,-54.549460582661055
-50.25211224340195,-42.504225670112135
93.63553780305952,-121.89607902831872
15.044410949845854,-41.6985060694913
-58.51372895214132,-123.90991989216252
145.3724471670904,145.23003885199734
-90.99297140062049,42.22241566520316
-10.320570895947384,-31.765087358492835
-69.64818380949744,-5.002311955587231
12.93472689654078,-90.23727228092874
-55.828096845657,-62.73565767384956
16.475988684243703,-96.63768262640554
127.77633199969398,-7.791786001032563
32.323928102644174,53.990193500403564
-67.97018454157472,124.61602288272769
145.2245119115667,125.0266323924983
38.665058858545024,-130.6432794279157
0.8211009598143448,-119.37379668407557
64.50038214467867,124.93943164934751
-54.17261521046754,100.2506907167346
-88.28867874842763,70.91311234738276
-20.41203951712498,-48.04023934101082
-135.62690986941783,-42.39358277235682
-67.65624692549584,-136.03093933494455
-40.44577683980363,-78.40603919211522
36.364461339588416,64.05735102554087
-132.43123169611306,134.52875434017625
-88.44544288510167,-133.95961094247517
100.75747431561908,-33.48816123900387
58.70118612478336,91.47380852563862
-128.67077548450052,18.12468985379695
-24.62955912020955,137.39597763753613
-58.28447344712764,-51.34712845778856
35.275823001242856,102.05278524551863
43.94622926440945,105.50033665903439
-99.16465199637732,130.2905181921942
-115.62222371843065,146.22487984712052
85.8943756865223,-82.37088599513521
-104.48856273738139,97.96272656274374
-5.993404047876425,-147.91813216295944
-130.17267741370742,128.35377908115873
109.74933798364367,-102.6642782041441
-149.38469911298822,-48.3447163003558
77.44859466287602,117.80980990472273
27.050502751816083,-147.3515687768627
3.573359299741412,-118.67461347864912
101.7019571094751,-110.48463064661078
41.965296134528444,66.59512602689185
122.36787232329056,-103.33046443688457
-138.52976415415864,28.830090525121534
-28.46327062570313,94.82693390644482
-120.82004504129411,-96.67413215002452
-22.671245473532338,-6.000373524108312
-135.15063068127125,-9.41170111707416
8.583522541939516,65.22377215033666
-130.13660405038334,-7.395717327304311
-24.867886044389536,107.9443271771724
78.32568782843998,103.33890848068512
-144.4672276245583,139.8358763107065
19.8995188468989,-123.21747930640423
43.00602667898343,30.35501550817696
-119.01757995596135,64.80407311077596
133.77582749869384,47.058773918934236
-26.228405640003047,149.96831626338525
-115.62167862610104,-148.13907885401824
37.10134768812398,146.9642247191914
141.59398475892607,62.29004629119319
-140.0304024839999,-90.27517448326086
142.70759546787502,-5.990388826542329
40.76647087265289,-23.197555506810303
63.91896740765844,-20.69182084817163
-123.96798259654938,78.38052141945886
23.071777296124623,92.88967830011867
18.20753408407873,95.92044307017485
-94.01205395646481,74.32184267991582
108.82209753965651,79.49197146408252
-131.03775539019196,-96.99379639289398
-25.662621014823856,-60.04051202165569
64.33720734105054,104.32656326932758
-131.85374791892986,19.706715925762296
-56.87111676229716,120.23836102246003
-26.286045060681857,-147.3123008394255
-107.03638973595515,-148.38097182050882
-106.23452377573892,104.60157257354322
123.81481917682521,-90.18242572031947
64.50921116857475,-25.319733638939894
-107.78827309381893,136.91270046158155
-45.56265262399094,84.52934209110296
85.76993999593296,59.18687181846178
-35.10427907637556,-130.87101816917684
-31.70148156719047,78.79059762953244
132.96299337786832,-28.289058716557363
-76.18801841104218,-48.12259540665852
147.98309257155915,-9.717140400916975
78.35096793147144,87.20348130677345
23.540957708464333,-127.55664932984041
141.50653612187568,-63.86956190232888
-35.51974533490491,-131.42873328886643
-62.624750627154526,25.961745799804703
123.06729171478406,-15.337808095670937
25.892804163556008,-53.22916014665333
-146.77504928838087,-39.317484682331255
105.34557905516647,-74.6549013154247
129.76351299541756,102.6656953268344
-125.10938937365185,123.97624745284651
-83.3551169954142,26.328884718450183
-10.315092503867191,80.58776837052395
18.800344636338735,-17.584156872563057
149.30971538158894,-83.23767121959321
-125.8470535208366,-125.02835857424607
-146.42193053959446,32.12792112417472
121.69922186032625,104.91432424301834
44.39410728042358,-35.99897936032569
129.17608362450767,93.93153268824108
0.02699669104339364,-9.632612137578207
90.42842797845452,-39.70637319290218
-121.80360058885884,91.74182719484341
-54.00594695096572,116.42404851546513
-26.87157214105285,-131.2810935475988
-30.559405705206487,31.659167680733333
66.94526935095328,23.53660319832025
-116.13147399187199,-85.9768900300781
-93.99127657982149,140.72954043942013
-56.42661221002393,44.55514402288284
-129.42511488360697,26.84808066635682
-17.246122895291762,62.37614154258384
138.32138508848664,125.61442896060106
136.08799632101716,-27.42496510879259
-146.97153669308213,90.5984022254392
-23.76815177440608,104.77223910897405
-64.05315881839503,66.39697938607702
-9.903084532218912,-69.27823544383165
4.5778275124374375,-143.1975890074697
101.1446892569065,15.35720142736946
143.8949340123237,-45.19226760499596
-26.62818986659137,58.39657184855875
136.97273822344607,57.78798283192438
-55.555037410894826,-35.74820387647199
-19.121341180107066,0.7257751609030265
-49.1471641836996,10.667221744508083
-117.33300799371568,8.10267110785648
41.46127198966661,146.73694912081208
-133.12848985750654,90.26348525499233
30.061570703937434,-78.44238232954582
55.13695768520296,-53.17891050384101
-115.48927939916047,129.47476629757966
-35.32692854150237,-138.62886600555723
-58.643023103515986,-0.1297188395493265
0.4334985181196487,27.46710017587418
-36.20597092653345,63.23076119244698
-53.643105450733714,-141.39585041784096
137.5377112972538,14.01747680208328
-24.325938174076043,-126.8691063604
16.513956243231178,-67.2565980628875
-40.221515261865775,-73.59501110178182
26.340763468953156,-147.69285065710037
-14.682430875162765,147.2154904362123
19.562095988379866,-82.51804426616646
63.059304901826806,-79.42017671501984
3.439169842692138,-47.72183068638253
-17.203377260721993,-144.55512054072807
-122.04545274620004,-120.5755672999756
-106.05646229731401,93.90196139700336
-38.90774379650608,7.16116208399842
-73.67007000042094,17.560989772440877
-149.0232699239574,87.37364981121286
-32.58388425576467,-53.5264099703183
4.481093991895818,-48.06600879603627
-23.01629561212242,-3.4003060538651084
85.38466759197738,142.76820743072147
-123.68151166516421,-80.42644152799518
-130.54732752896905,85.68122885093683
-63.917808783437025,108.17336786682438
-98.71052692721224,-23.804211807234722
100.84776509273118,-30.620883753506007
104.27321781625392,5.763968508048748
102.19140278119161,23.2133704709762
111.4979244995314,24.383561548531787
87.8091627957638,-110.67718027990256
51.535588456381134,130.3630355034366
-105.14919197422799,55.391001896706086
143.72285199746563,-124.46191251939487
-43.15454296094161,129.09814268871258
86.78666957090081,123.8196469521759
14.107196760653864,148.02938960144667
-19.661419428934437,114.98410143887708
-27.520149792784707,80.90225697296214
24.763248411744087,99.34206712566998
16.832909727755748,83.82530925092846
-44.25179841290013,112.80195304700118
76.8032271889389,-88.55725114616062
76.2179013596946,120.41231946719802
136.75341132314003,-80.00264520704448
0.4202421924704254,28.24732031626189
49.57649680109765,84.39205671260203
-111.25360801699254,-27.560643360884256
79.4219375827306,-129.78358222878302
-63.07265483431,-43.96414561549544
84.14073855592167,-56.17902153009368
46.42155282369893,70.86661967783374
74.36071356647409,-115.49980115028194
-35.965830651897534,34.15258238296741
93.14323552605322,-103.94153080885452
37.43863376973462,-41.77418046257877
-149.23752211135314,-141.67228975617252
-133.19420109405118,128.7404720311775
-6.405800481098538,148.18563825477554
-94.79824731100105,-98.1000932528073
-0.38336803202480496,-8.163555888872423
-128.6959653597394,116.60579979222672
37.162210014743124,43.02507740033238
-104.2457547583748,-91.82485245092252
2.3208261427076593,-46.24825244223311
-88.68904731247086,-124.89325072623879
-8.667911754086731,-42.23753719378442
-109.86372915016842,45.5951209519655
54.809012935309596,-37.413336147247364
-132.84484192743435,26.97074874529042
-106.19738827136584,-88.07632997442644
61.38987279915278,-51.66709783191402
20.504107092440847,8.62943755341081
68.95781850979037,76.65432149885615
80.83466882948204,-125.11891554247222
130.13928903647655,-83.45948166685037
-84.29793683965917,6.652369980443638
97.08576782428543,26.848601722902572
-18.86322037438464,-5.41115026002069
-111.60307284856123,-7.2707592416536215
-37.46897331868004,37.03271772259191
-61.89372188246847,-46.824220146149
44.22309446471567,55.567355149995194
-47.58052054424323,-63.79186376895437
-128.1525285255441,140.35935602161555
12.213715940085194,-65.4091262263413
-39.97053942428714,-87.25102276463028
137.1075069426812,-86.8113623310401
-37.52636635314846,-90.19840042495866
-4.940824392487059,133.1153137679271
147.3115124398878,6.320527939641266
-61.867265655605976,80.40662151059368
-4.827076479856601,-98.36048225884448
143.38152015277507,65.98512318140146
97.34228095093331,73.52480619883775
119.42379722641175,10.754278367778909
-52.842284638086056,-30.74282080877967
86.19923353372161,-145.04138330695116
-21.889418758489228,147.73396632040783
-85.28175875070444,-78.82368930324817
-92.49475026655814,-9.970842963847304
-44.836232448675645,128.56676138383244
-31.119395241095617,-89.96766439596976
36.9401913645911,86.4902984258591
63.43180391145927,97.4253512460927
85.86189095281475,33.100576962607505
129.47098263725582,-73.37674491050053
-145.44729036446796,-20.679242522343287
-144.8710511592219,-38.76542573646941
10.468118101053875,-40.125634165964115
-103.88495764613722,-8.322125911100699
-125.07402094733627,20.362186095469042
27.671426231620188,0.6830061395482119
-126.47774190246827,-28.45620137566148
-130.95037124968377,10.157860490515048
111.66595761004618,114.36409502991131
135.10831989652058,-138.9409867999378
37.43822977091273,64.64397113063507
48.08127866731425,-47.80191814114721
72.8321266218677,-87.45622102851316
-53.33869053656464,41.91198358345193
-66.96551676975334,-77.09857706427971
-51.82030923572081,-100.45048339744437
-117.07648109186584,91.54198818835835
-97.3086682052359,-54.85883025797787
103.91858289342832,-137.24404570361008
39.49383344996542,-2.738213098250526
136.21545426030457,120.53302157297412
-87.05560775721835,-40.512799267272314
-61.85700660687604,-134.80837853367407
56.00418071410772,73.68115699936811
-3.0879625263569324,-28.55808981891704
30.17149449516029,37.32408211551527
41.654903458393136,-45.847159543205535
49.08465928385834,-8.873646356344295
-39.61990236327493,132.2552357017595
70.90723595831716,70.11076064599905
50.99226805162186,144.06533778504956
-51.51135837052702,64.29524288773078
-44.23492790196639,-60.066130732914644
63.636215606808435,-74.58857480288066
-31.083981826813982,-7.607739176663927
-90.65123532630389,-66.6634020012008
-73.32684394286079,-137.21108432752777
68.32822381563139,-149.55527026030595
-109.28389446513903,-148.5247652918597
95.54548943963331,106.72260602676567
-72.63143436405419,-69.14906459701415
120.29596032765426,-81.13976990372699
-31.870764591849323,32.28997306174051
145.30758258217338,-47.437647904055794
65.34983383900845,15.31448219967524
46.50437492514314,-142.52411706774458
-3.5877400882264965,-114.62649984413922
-74.65865079050917,-24.864686969180596
-103.37506233530516,94.88511245702426
-116.186590501293,-25.4317673590174
-72.01611836356282,-83.62342175180332
-141.14823560753857,-99.62669139108971
118.4832188696135,-114.98256766831392
-128.67455827195454,27.704502011067945
-118.24025010057721,81.1960489946338
-36.98743383036677,132.4122289766699
101.31368672552756,2.774872844115464
62.98354780620744,44.570011411666485
15.280965011914134,-125.23343081685051
67.71945302061661,133.4972630694587
87.23313592146948,17.549515772822332
9.372791158736561,52.96829090990215
56.904136502814566,-143.15075610342058
-114.37043692122253,-128.6807892082596
60.36979126294918,-34.66915440320389
102.58017684891752,68.0638686859046
50.1664143517859,-35.417705376733096
41.84589745992153,-114.61512735249948
-67.07339240538775,22.098700245883094
-9.356974359733101,113.43725150610157
60.49922389508467,92.40920968646037
-1.8981172493055851,-25.908578113384834
-39.90650512876479,59.22543223905356
-58.08310787674266,20.203508507529364
-101.29474729430763,116.46862611729347
17.857215944982954,124.7703329251031
110.00832618782368,85.69817702171139
103.02332207472455,110.86133789806416
29.208312071992793,136.1551006557155
-142.51355479788185,125.07407013345846
28.35059120862789,47.5082962338071
-24.846060867049033,-54.312103297270596
-28.69834858167681,-138.07820002019548
21.378668649173648,-84.95906622419332
106.38755538748484,-83.15273114163858
79.88164491927279,-17.863664495032424
116.48801444265843,-12.37649553066089
-7.361206736570836,133.51114857169205
15.102902860073556,-146.8094909644328
113.17568148624525,-77.32588609480008
-22.19350816636846,43.90274933629996
26.644189925766966,131.79623760173325
-74.05756194237988,-68.24683160362504
-16.24438388271784,77.47351372481273
118.69299127618268,3.424840469710972
11.212874540280637,-111.73439930851913
135.06911981878915,26.46415482234275
-16.948290972398325,-60.71667173673279
-8.827710085708873,20.39310702092436
-144.9648802238289,76.02703015503027
-42.74708428958711,29.356689700078533
-107.45158050241554,129.27489176778977
-147.75900115026022,124.3375358254188
-3.8257194681477245,-18.052499268497996
44.783917146073264,36.54281396139234
-34.01086936278821,-82.84172406712663
-132.55602994878802,-117.07607486768805
-118.50210326031734,-30.6411589268192
-98.78814984786555,84.56712908739897
-59.046856114345275,63.80330835771235
-122.62044015425985,-132.81947919089592
-44.2138310606216,-24.11144633291535
-70.177810081614,-15.311493299861041
-82.69806130779864,-25.794491937171586
72.70698020392342,-80.85655785037538
131.2099281310501,49.90538847163512
51.23809434148217,-141.86655957248902
-138.48160426068497,127.67803089593025
-139.7800723952934,20.03805653238041
-28.322306922374636,-12.173562677620708
-123.28438015842885,52.897749010622704
-52.91235118317199,126.47491379271719
24.146030471023124,22.39540573120729
-93.30289071755188,-128.9087470193361
137.39201785529633,-132.2755561743865
39.83674815101281,58.66491755075563
-4.677295131814105,64.32064916239614
-63.635760171833766,64.96414391646596
47.27004834647542,-23.352872326311285
28.257741794722477,-2.7761986128282956
-38.586402221568434,-78.78271226219918
-120.76042631988325,14.206921462006932
59.70344873462179,93.5721262585428
91.31278666231592,52.512895978712606
21.834687047115523,108.88920261625498
-73.39795705040628,-126.2286212570193
99.89700306957474,-143.118411177333
67.21196185269858,-59.63581379991196
9.062248177635126,-72.36657456802543
61.64585766812155,73.10564217013973
69.39092234716742,89.60290240824963
-71.52823869554577,51.893286404678804
59.65425973157201,-98.1354130978759
-18.756161760873113,-16.857484613574826
52.85687111076592,-24.24149338177503
-132.05023509753477,-32.56567022030757
117.85304693662289,-111.73973453573944
104.92172846610308,-18.709599883084252
100.18462995607811,92.51431356033362
-102.54586636186468,33.68143872745273
-9.404816396436019,126.93699067418805
128.1506013377617,-129.0548038232205
95.7393018743644,142.56083042627148
24.885141889296676,-82.73175551327496
39.09585917698607,109.22336019639965
-113.49175787270002,-55.58587711231546
-127.23633112366774,-13.651579970017679
-46.889678976188165,-114.35872779575487
46.931588205126246,-27.493546473415876
-64.67075090533238,55.644075149655464
40.836542264075575,-119.46783087787628
94.01946819342322,11.23472690582932
93.72276201995538,-110.25990858488083
62.37449839652024,148.88138313479976
35.70505933482241,-110.85939111442673
111.30613414926364,56.644109186424544
23.817453947190188,-75.06601818666681
-116.7834122525544,22.680104584645818
-68.29152993335691,-99.85376972507582
59.35610867288159,-104.91765121931854
-12.522037204330957,-13.844328966218626
-113.01997320095856,-101.2872456210412
106.83283284764798,25.323375225066172
10.50071722676762,34.15289792175366
-72.85103415784164,78.7540989197127
24.660762651623713,-88.61490748781259
62.71703834327889,112.28846189400599
-24.623470944434928,-104.79459360010014
-48.98838435384218,109.19890234826147
33.66645808148695,-107.66084578789619
19.442786011156727,26.78329998805131
66.46937055769385,-144.48894128220658
80.72855470060588,114.45607948348237
54.14892108705581,131.85598199458587
129.9359817481262,-77.26498752517398
38.83170572459511,67.19095499746996
63.611139188935766,-97.77228466027172
20.753283362907723,-40.36195758611039
19.148471531940146,123.69950819895143
-22.292394834643275,-111.16030618463375
-104.73477813141699,-39.144402099871016
1.0016298943012885,-9.122932706606832
-148.8014060338607,14.777011980648922
-50.58387036243184,129.72529993476638
-2.930573440057657,74.86497718220198
-15.07493197346352,56.90946651578861
-65.62554581363283,81.91644224805233
34.93681974968675,-134.73528205220973
89.5198372232596,12.964071491459862
13.937095415287416,-17.482513807969696
-109.46218694096112,143.12496876428162
30.761914767667975,7.94456027834994
-70.46486485653645,22.506276574677173
86.66355194138097,-47.166215371626706
-87.9513286505223,-143.6086847941076
-57.2615406572491,-52.59686653347492
-119.16426867941068,-74.97707727308321
-56.47988405591151,104.33413710597307
-105.5575431198175,-147.82573180829144
-108.77020927748882,32.87412305902282
-71.17526699608312,-93.90264714377292
-24.12609879773524,13.919261824818932
-49.72957991018052,6.6832662744476465
-110.22095280996501,35.82710892145923
-118.31775898028232,-104.05755983004566
2.8784308758935424,33.929250956555165
-116.41922962682372,22.45112662963237
138.45401085753178,55.666398793346445
-105.32806895495452,-134.55334349213533
-109.05538544484958,17.13422306354329
-130.4429069555503,-53.60730959021819
-118.1833835307725,-83.58097092384911
27.61637965781543,127.58180753775326
135.95892543901527,44.781475677575656
-2.4134979233719775,-131.9053817557176
28.14246325986724,-88.0589318329261
-108.58457143727773,86.44451294698874
-16.623579873623783,-125.129192901836
23.65695515199434,-8.294523642100955
131.81520295237704,-68.18542009919955
-96.40628854710995,-6.098192076661746
138.07173586148775,26.833254668634282
49.75829462607163,-36.566985795530016
61.072781259517654,-37.015018367634994
147.45851414952017,-19.080376786917157
145.71339607324262,-137.9524727801459
-143.28844405197884,-94.98887237524636
-133.5682174120452,-33.41217704300985
50.705063710748334,-145.71799425668974
-1.261311874985438,-108.84431622694483
-145.32997964359885,82.89168989796397
81.6753503591774,-23.828609818606665
-130.600726987521,137.316197757062
-102.15216630476671,-146.10360126056125
65.7861293872225,42.91111282062545
1.0709327534666215,-126.41199685580844
80.40281263529761,38.54858021548421
-12.124835808858194,73.05197190100716
-105.35655596242546,117.05588879973868
-144.30694080935353,-132.60386428518422
18.07669568761372,113.61074390543212
107.10105663145384,94.70673572921757
56.97833683708035,-38.00523423892143
43.26280908794925,-92.74164499143151
66.02132496415115,-130.60735709910307
66.9877194265097,79.88331323985207
-137.95205369918088,-118.0908262906298
-43.84705353305324,-143.49341928806453
-114.62354003271156,122.45522131806655
117.50738482804707,-64.2549075584509
88.30364551463262,78.4069366534417
22.34859873760692,74.94889663603911
119.37743314058719,63.106686722292125
-6.980300641539458,-56.10022182023809
107.71889131395574,72.54419576355124
-99.64274407633171,-124.71270424703408
-58.33138794135505,17.279533585663472
92.01762120051114,-15.12613154298029
15.67861404269621,106.36003276721175
63.450157867350725,-17.637110307180194
40.107264903770016,43.39551095852528
-105.51833434249112,77.34296312178944
31.758325414135612,105.61356955553376
-78.68996152716721,16.272623509560674
-146.29845521239102,-92.3399139153012
47.13919440832211,-31.019565080516884
67.83067944903237,108.88219855586976
128.16608459386276,-103.56612165773761
47.79313755070348,78.55572926804203
-113.72591074785036,-92.97041487841408
-137.49689307094403,-44.694320665555736
-147.37749331349391,-83.16017150308484
67.53442338124134,83.06349338682492
-93.16863362795863,-13.943066630027374
-127.12628383409825,12.576304159289748
88.1745633565412,-128.01896188210222
104.88104808892052,129.6740536998837
121.60179115580058,88.5969461754897
137.42821394492995,99.4775800544549
-11.455755831319294,-133.8439489172692
148.30026465158892,67.50319675690426
-144.6098666227495,108.3577042669184
-141.55049171155358,-85.6259833139133
104.16398151362688,89.72029843649193
59.4424015671828,35.72119020219003
124.61219448528584,121.15834878044365
3.9593387184164044,-73.53643881504917
116.32031906837415,-96.64016460771278
77.23711975953432,39.73231216743238
-97.35101850708378,42.52561735086434
-140.3021649620289,30.964148921657085
-99.1091282141129,128.43934672655394
-69.11740258431358,-6.903782509094526
-134.36586594122716,-126.58769193379892
-69.2956998376954,-67.27769787621658
-129.5617304192363,-134.49946323152392
-14.787693040122832,-112.1872751816337
43.727112144272155,-143.65181857839312
41.17289526773297,-121.55032201921983
39.65155467701433,108.36049699315481
66.32920521085194,131.0409640907256
-69.53324178563797,-40.60361371934599
-1.7904881521033076,-79.43697230988512
119.5173340714407,135.2707487338089
-28.41419187614453,87.30449850839835
68.04105571374771,83.22725655302034
-108.42982409559298,-146.26093718135274
79.90138526293185,-6.583785512085598
51.830225821823575,102.43506309484619
-138.69148079138546,142.66430797621882
-42.920034779242854,-119.80188822275652
-145.8235519649077,116.01481087257991
-117.32748100928285,-12.36451621534269
125.94402351143117,57.88925575465407
-102.47500600524064,122.98443080245761
-46.619961542603264,-46.26689580250391
-130.1412240013244,-134.61279359993216
82.29723062154315,135.34912688041618
-37.97990920939232,37.319739089288504
-66.78907179542684,-123.15080784740523
72.32124157945506,-50.99815802871608
6.216854881212811,-15.62276700214619
-22.65642678605677,-35.65617005160584
-144.4321069397552,-56.84335371566827
55.42855750906861,91.07747367885486
-29.861713919612114,-73.9680575748822
-135.35876879680384,-47.24348699384093
-33.95921125498715,-126.26433095864667
45.47615940324573,-34.1909239411376
91.75612644914597,10.124251489952144
88.15628855585445,10.337513149388883
-59.782142918953724,121.01804818438404
-132.35369561402288,14.275653730059503
-70.72274495809177,84.58093269318877
-131.0904061151061,-103.18476113379411
75.03852616555733,53.32483228947669
138.60300286123834,127.25067989240597
138.88688115450242,-53.26867991224725
69.26907778597007,-107.15795933895288
-130.47423259639174,-22.78894135096222
54.05949307527857,-8.367125508555603
3.398888551649634,-89.46447508104164
52.7265782101413,132.32236580201032
125.9373329036826,5.683127719912079
38.65594886392415,-113.49085536953996
59.492205116765774,-12.532455579590163
32.85964023294832,112.29447831594024
145.02384880986432,109.86215570953624
-70.63185559348499,-47.767122694352025
-78.70437406111597,123.90154979990996
-82.39097760243845,-67.59699210384879
144.7501355499728,-28.095299239219244
-5.3798812901308395,-23.778774471049957
-17.549840256823785,-64.6032671741018
4.8081377195088635,-51.16022926669076
-93.67187089339649,114.06167811903708
90.75464022599255,130.64658257317956
30.48018925263122,18.903987669443097
-35.22646809213134,-104.80737088221447
-54.30520606279747,107.08910442681997
-35.37916976630021,82.88612523388466
136.10066895346284,4.4476159081707465
-128.60795022512224,36.6605134138745
-62.8623001269965,-118.19498429947862
-52.84693125446147,129.4125295308441
-51.52467883584964,-59.30402282636146
124.94277244894215,141.55244264415086
-135.00020569031946,-57.987606006458506
-31.34614034743879,-40.255579747075544
129.26445015068975,-28.41527410400819
-68.5409368967732,44.10867174739519
60.577419392189256,-51.883965309348284
-96.6493410023591,-127.57447680053902
-119.93894094958311,138.01543252949682
-82.95874163734561,-2.0344760799707444
-99.86237592865157,-21.356277351171883
56.651964396778794,74.32100114846375
-77.92742578723536,2.755554083467814
-133.80682516437855,-126.42205092326346
-56.81398527885436,141.03564828769146
125.99274431862398,-1.251365058224195
-74.69290440418449,-145.7048725197298
138.89181007700887,-41.46709644325166
-1.7106426751531671,-115.68880911517729
-30.70112853475942,-54.4890256926402
120.61243227599795,-26.5971412548503
-78.42378905174469,74.97640317272484
-101.08532996459311,87.57307293195154
-78.35774410420949,40.73896922931661
21.391565685161765,-135.52945640264892
115.44378195191814,-3.5123731612107463
53.07322550129581,90.87363136739225
-10.316533277481284,114.46180506516407
103.08345246341719,-74.47184813828197
125.06998139918284,123.90839454361998
32.08810914420573,-133.19509425117025
-97.93859255682534,67.0227517107812
-40.89771221378989,-42.62284941155944
-145.31213392245658,147.0021953290614
-20.23643831545587,115.85038166488118
68.20344945988515,-117.0642810769493
-25.172650932768164,-135.30227290705906
-82.64417082669728,3.294542791276143
2.9946799625044775,-117.05323409315454
83.1795580804395,-35.56888414298595
-78.66365418447657,-105.15925061038494
-112.09893377570992,98.081921396598
-101.56226208748167,10.681569783180464
-74.51619554000075,8.393753921334962
57.45024520682131,133.2335846790429
61.43403803576982,-23.24739901869873
41.77599202533278,122.70322353098561
-16.92309256362148,23.160720499656463
6.112403015469482,24.59740893400496
11.29373674005086,-41.73870693128447
-33.581735132558734,5.48946997304526
126.62279133676509,-1.0467849846295678
-36.94494107747363,120.4885234663804
-130.63868828620818,-114.40460500943894
18.880921179417243,-39.6224454009873
-76.42641331986356,-84.70834989714578
85.67409093669585,-29.999920005595058
-108.90304540396411,18.67121375228575
7.189910881845151,-83.78356378372122
3.7184927554658884,46.340066625398435
-109.65440511808288,38.822270964885234
106.9887003064149,-39.99785086159625
-57.10297615009165,-125.87599132058271
-96.09808345209773,-87.85411474176766
141.8135708448533,32.120747469078026
133.55575639886968,65.05560652147184
42.42538289462547,-126.29448734650329
58.158655262858616,105.65120970375122
141.41008331893164,30.60517342391654
95.52708349101482,126.23768649925495
-66.7624367113555,-9.882476064200716
-87.43478312182897,-46.01566026394471
121.11041867587392,51.81250720059097
-122.81922522655918,-44.59462075010016
134.9444942925967,45.47948230656294
-140.68910895668145,-63.854911714643066
-47.63308035666756,66.76964205597648
93.44046489104235,-35.23576313724594
-76.79193817599852,-73.5040617162112
111.42272100505573,-14.643537805229812
-23.166391468006097,87.6073216161677
30.211739470886243,116.61358785610634
70.93874699730384,111.04478943579937
147.7595985183229,-24.8201919734973
68.91429359807651,136.63083920423793
-21.72933357624052,69.98649885333163
-49.098846609678006,-83.16157452198107
2.5238713684228173,89.96685639304263
75.70943585196568,119.551185048624
138.63177869728082,13.096045195632342
16.214488939832762,44.425538362412624
56.15636259185044,39.219552760344925
114.73783491358455,26.665816145252762
102.63107621858214,11.491181463902166
61.40951508963016,-127.72191191804527
114.14297040480545,100.30665009712905
-49.90727501067275,-26.210194002916708
95.41941966678738,63.406543641500036
121.63318698096651,5.72988520486831
-116.43127353055011,-69.07542858986572
-82.4414490305367,-44.77733466310853
-62.15913113168938,-149.7598522211319
38.52501262530356,-47.51333753956382
33.146572240812276,11.88932616240379
-7.645578158495908,134.52960023099263
-105.64114870421817,119.30608456679192
-139.70229164339332,95.13000508932012
49.8289337627956,33.00580744801172
86.4822158212807,36.02413672342601
-37.94119797719523,-94.98740963779002
6.889207116954225,149.72662121269656
105.77348429150274,77.5747624955321
6.854867362620297,43.52447268742162
88.44299309209961,3.4203143018739297
-63.212665958110506,84.62681190668036
-3.4119085432448912,-33.26453418216556
148.29487534976846,-96.88684721784378
142.19396586841202,-77.3366562308946
66.97134880912307,70.60920153472418
21.897772915122943,-102.89821784720775
-18.91559578186579,131.26629916923525
2.2582944850345257,-127.47257726393065
-30.755548306316,-88.73654770445324
5.943073153588074,-23.89362239250859
-94.18389510705052,-48.60242350877854
-69.67209146139265,148.0161584025227
124.89585954338293,-30.192157971440082
5.097949719348605,-119.2552538706406
-72.44662985226476,-52.080987548897056
-12.164264755890883,-127.83121562604546
95.92526238552296,-71.24699062688714
-101.1687457002229,-124.16757220257368
78.34061898369589,28.788900491130107
103.1301236691599,146.95018771798556
18.785663881000545,78.21451855941032
-7.7272168813393876,16.8555803199973
-60.53680054518698,52.036593294655546
128.07398189371588,-95.85264093711416
68.98366635163694,143.34137787672597
115.13065214309518,-141.90602841222457
-86.08672331337058,79.48046508432199
-119.47285800258732,-140.9804959686697
1.9517892202636062,-49.688739977733064
143.03402215162362,-47.87122509930978
-93.11635147046374,3.2826298197597907
-61.11732334142111,-120.50711391964911
136.45053898441682,136.74101972997022
-36.86469016423786,84.48655782990713
-16.681637225736182,-56.78037373805505
-42.88074929089474,128.6907426745443
131.05172222880736,-60.29235737464674
107.49139284354715,36.805434502215945
78.49792385651816,-33.163365838309375
77.41474782868801,-87.08750644119766
96.01050284187829,-26.812432177198716
77.5822755445482,2.626421094956555
-4.236095138332672,90.97874897190792
76.58441890397864,-51.50565252580451
-148.8142745391467,120.852814814086
93.55972415618612,-83.06264714689033
-140.24046278821936,104.80672187534958
56.713934445724334,107.09355788347358
-102.57862492735362,9.063941705707748
-148.91318126080967,-16.863066866773238
104.14031906806227,17.22839281969192
-140.95816350260674,103.54248121612972
-64.10957126472445,107.09155463022637
69.92223029068535,1.1649356573853993
64.58117484225448,13.517420949425969
-36.301470155462766,-27.913224273684506
43.84794101734764,97.77486288979196
-12.173477872657912,-57.68818369452475
-56.67254304006485,-133.7944638776704
-147.04092796565413,-48.01858279651647
-64.64029163369966,-78.79363646956233
55.7375063753459,65.290684912681
-147.26117991974837,-76.8560152110385
9.248578032243131,98.94721912430288
29.090600463591898,39.56097064174145
95.13394157102351,-23.269849905353254
92.42352480722036,119.58353307896272
81.04762331728276,136.98153762336483
148.51355625448366,-54.47513317402944
-11.401425610940947,-118.9066354473498
-37.07460982079513,-130.2091864037518
16.413891462318702,78.930065885907
-14.415882865915705,100.06166655621593
148.86547693937098,37.33693236649381
47.93863362653005,-22.654494507040084
-149.8152844837132,120.86116983348393
-103.9501587823925,-51.30264462252828
-76.73288851390208,121.71414223488506
-97.98260121874094,-99.2994029610791
104.80737129444702,103.53533782142026
47.97859427213942,116.82681759588502
-10.387093075182207,110.70220579847825
-73.03550337549638,-121.52488145504792
-60.379358759939066,-45.498952667631286
-8.567202942730859,-116.84377725182205
-8.310236555890327,85.42358022680213
122.46587845173241,96.50781837914622
-130.43416730673118,-88.29983727860531
49.660546180532805,6.079746794706409
112.33830436331357,111.9320721604393
-61.05108859455457,9.215499773660696
1.0979485999254734,-21.503793668702002
-23.63190538308467,-34.61157044276072
62.191943336091725,-60.53160788241587
78.81651516933522,-17.891846316763065
-17.263139060644022,43.49867532137125
74.56374183533603,-77.91968883339366
80.11922574594914,-78.30348476467786
16.88783595568927,39.935347773495664
82.40494555053365,62.496312351605866
62.4668312716673,-64.6638170273419
68.05668737389044,-51.50789991746932
137.45059426460858,4.466411472446339
-63.17616699466355,-128.9313000990316
103.53721772517471,-141.4486050829532
68.9331965010305,-122.38202058514335
83.10453828346397,-22.757207015224665
59.71341950197581,38.306832700355386
76.23445085817485,-86.0117577604646
-45.65445157647821,87.91412040352569
67.0346456252255,-75.14111595495973
-65.19827092474158,-23.311318164605595
109.65987763714867,132.23793141058502
-75.02263009924489,75.33075572769405
-50.985902090579785,-37.16088013966632
15.850985051408173,-110.13899605249696
62.101414148858595,-88.75772630065532
-24.969432554700973,-101.6822469641495
88.40695471693212,-127.13108588982115
-139.93138451142926,-136.54565781447258
10.059785526898338,-121.38479308434484
105.83485001696627,56.52584301292541
136.66832185709728,131.16259229069675
4.933608077024786,-56.291498468941995
-132.9811331956133,-124.51590347742166
-92.25120115393997,48.897639503078295
124.38887495071674,91.95845450362003
11.099273943217781,-115.07415248824557
-130.43110046998152,-9.603387053074385
2.9003199909230943,141.11591929170697
46.75534967280353,-49.069568375962476
2.7905463562884734,28.90967965213457
-77.65103528573025,20.086412270612783
19.61581158926998,-137.948485632497
1.1742093424349775,-95.00653911141498
85.09212471818708,101.41783803867577
-91.76413937569306,-74.54586694269412
-34.489773842570145,30.390194347674594
40.58327447738296,58.70152668606471
-102.97000655367658,144.02373006377894
-136.01359695858852,111.19855446567709
-37.410540668462104,-144.62377463804944
87.25928451703368,-4.778818531935656
-107.3707311709367,-84.09856680953575
-35.60131427665621,-92.47955772620695
-32.68460594550379,16.031852153555832
49.84783108042464,-45.98691229802043
98.3234084618669,-16.480875259881657
111.16455307231661,-59.107459027435
-113.77329743777256,117.51653569221315
6.20910163634295,-19.986370239273157
44.48236427832413,6.309519682293001
37.918885722909636,12.292657904383532
-7.123816547624216,-64.68572726308226
36.7345779714272,-128.1608503607282
74.27151648470348,47.553675550704355
-98.06443380899118,-20.948617446469456
-90.55219384304011,-148.63916950177355
-107.8384603618167,-44.123365316592896
96.8789763862404,145.30823909644647
74.91583494095744,142.7625419126241
-85.79822160016384,18.282383960645234
133.55997330637229,-109.66993017850736
141.48621123295015,-131.624547473791
-74.37276044043907,-8.871500770970897
-144.18029538492232,-99.82665569095576
56.09931914962223,108.52023359461714
27.30555461519549,29.230733944149563
138.15750781846015,-72.02387429808884
-66.98672085632252,9.914521221988167
-138.99466123099162,102.07044098565638
138.71061777681427,6.126304145154251
-8.336810904753975,-80.77335093417688
64.05842804836286,77.25986100223648
-7.003847726868685,9.29469664507343
-4.551341201996024,50.800213025932834
-87.65429196238497,-112.48818250183363
134.8108119124513,34.7416270797562
-91.77268092388557,-75.2165122256666
-17.97165256270054,79.08205758998545
12.453331579517567,78.0319522924695
-86.46071597779601,-9.559669966044254
-39.23452126793964,-100.54837688419425
64.17877009430018,-96.13957913755638
-75.17662976399531,-53.24287240188957
-63.851425183962334,140.2968859220859
-1.380279116264603,-131.73027082852312
41.64142044425432,-87.58814129428573
-140.58302074252907,98.95360123917186
5.570542223793979,4.3703529839571615
48.33631437533282,-41.473906643948695
99.73082372567518,-21.62782313803848
17.704794078154947,12.677215416102399
87.33617901153275,107.17019687057848
117.4633971501355,-122.69785507091669
-18.45813326227872,-74.82764352671924
-12.929250656454826,49.897434118747356
91.71418041341661,-86.47570659823343
142.54386386778873,-33.134586663258176
18.48988642063307,82.0980651663559
47.817286097546855,-145.5422841301782
-139.31328218781076,-59.68435252836605
-27.838890515260417,111.53048239141151
109.77802377859473,9.306559670416732
33.67902375477172,10.608639321299478
-89.81788494814987,-4.979951276627503
-94.60852622727938,134.10152086848376
123.48048876732679,119.40616629985118
-39.3657461315928,74.68956032639312
77.0879222789327,41.318422745382435
-114.47337300700775,132.64551964008712
-111.89705216039528,-53.008591929902565
-7.1497622553140445,-135.48085735045632
-10.01362500860759,0.34061954456032595
10.057142206874062,76.76492472322636
-127.81886473794874,-142.7418205098695
147.03391102019646,-131.12893042211772
14.0347357120597,-32.389744779926815
33.613987501540095,18.198675208073468
115.7075404492723,-124.38054642908455
-50.49600610002123,-76.63531761562669
-119.10060878069733,29.62837511126881
53.00390450620807,74.67833907923676
-100.88911703744938,-98.1924292438008
-50.64071116906362,65.73867122529848
87.19506623746008,24.104866431265492
119.24889775484655,-97.4349186909056
-74.52398520949399,-32.18195278142382
147.52301196985394,-43.32580979138943
-37.5972884593958,-43.32441531478655
122.46502622715593,-46.43403073328686
-84.46295780963354,-113.45218010882476
113.92397537727561,-117.63660427790933
-141.48118818321362,-0.4983564422849156
-141.74078938904222,112.76900500261979
144.31052609316583,-17.323743246362113
58.23168498601186,3.3624425976180987
-135.51453774390998,63.50682504854984
-128.6410573724113,-131.8022105967152
-43.44248085200317,31.048428495565418
-131.6281496034577,106.71485724074245
-30.87305202880755,-105.50577314054053
0.7327380565127157,78.56500904547019
-7.005736106834519,-117.98153495401831
121.66159572060269,142.93148851577837
-114.68385177984544,126.91938498278961
44.49495280162711,-118.53612673516608
-77.61623999504968,101.43008560886943
-68.95763428712407,-43.513048937143026
110.88929188123751,49.300872995938846
144.53651526906327,-56.06792039786845
-101.39089747075863,-130.55803130349182
-77.2847020858123,-62.89141128338696
-73.53995696056198,66.16151398399765
116.24437822233477,-75.06448823840259
-57.455390014825,97.55880914403744
12.012457458048061,81.91332245527875
149.41735850819816,146.18345927463605
116.98456511134111,-116.68888285742875
35.101673952178174,141.53813314370637
-34.28416035957834,-92.63900020459602
-148.91770440944043,-71.1627648966784
22.14042643932862,-11.63820567955392
-25.260624185060223,-4.724749648393498
106.48465915731072,-78.5475447228718
94.1570648047747,-86.8678832813396
-93.99763535103723,128.4599543319177
25.706836640092206,41.678810400812324
130.52067449046348,-37.20828004169971
72.70586880240941,40.66388737331536
-4.379150054396149,38.42259613985263
38.95480151291082,1.0502417256871297
51.97257172907962,-42.83570934876627
-15.237230477055647,-80.88180807031046
109.92108522280529,-7.564108805504532
34.519509225571454,34.36352574146886
27.95963583939087,-50.38349069402554
-36.50166289225464,19.04001276294116
25.22479149006773,129.24563586457822
69.77671646383939,78.73515102948858
-4.726008423639172,-60.38334270195281
-77.04517869896944,-86.06909159979912
91.3527629520784,-101.15994220184372
-96.23275556292333,94.8477665767592
-33.32778891402934,56.46298871689052
19.78182039981391,66.32534883487034
128.69674767128788,72.53371109695172
-118.71963826967749,41.89732188012488
17.152999063776207,34.6433078626292
57.824560291699385,108.85601757451315
-68.92677936319525,72.42610147796523
12.703397941314506,29.685353924961902
-85.69941892268473,78.68881285617829
-139.20084090315578,-17.916235083415046
70.63816508386401,-119.82850662138097
105.86782838111876,25.370570623552993
-92.2698253049156,66.19152596096703
35.145657581720315,46.533200887056125
22.392760148952988,-21.390499171975023
4.192883258270939,-97.0748920406208
-135.58563914084124,36.684137600806594
-53.96037095681085,18.37243585338996
-5.867296183612581,-134.31241285359414
145.96676501561092,127.52378745854367
-106.45035848271286,51.56193073262986
-99.2575187310787,76.18115719756102
-7.1660827734174575,97.73282835010141
-64.90275762340451,36.24962944323411
-54.18694524115605,44.12532109178747
101.67303337186962,-27.69911383480013
-82.10754645387091,80.95136517600105
-116.10454472408477,-41.3619015178224
-80.49958644973556,124.87551947721329
12.017178195591242,112.45529877990168
-89.39567627536479,-133.16233130298272
69.81845244342608,145.21456368323203
119.4373162457947,63.04846952159082
-17.971090504912155,40.784125913050104
82.61247258569949,88.28895766554618
-60.595782307046235,-51.23772532890061
148.82355451174652,70.52811912381355
66.05102556418476,95.05114743582516
-114.42022386186753,-145.4168245517038
-29.709797169419588,18.298646662060463
63.9087229758461,-95.14999526923796
24.113016002184565,140.5498853973865
-140.46734267146903,-130.27664017317665
-15.039490919453897,144.6140806455511
18.51678655623951,-117.13364246948649
-146.65911453973442,40.953306464753524
121.14456966312241,101.61462693170753
77.96432320038056,100.99118505505024
42.353519162773296,-20.02640291390165
-65.54040275432607,94.42220337784383
-71.27452216018106,-135.26513399885187
-16.972301853030416,107.87625622653553
-111.48712944044509,49.24284359619861
-51.10528302051523,93.98629187782751
-136.9467883008185,-25.932025575792736
143.2114674439162,88.97213791506627
-61.5680371024158,-59.51045809663104
132.86085034996717,24.341011441578274
-121.19202175631817,-95.54350094289076
91.82382425978756,-77.69825602785937
-28.524896611746826,106.98245070278585
84.432980847279,-98.21212991992545
-114.56441125192231,63.72257933522715
140.5883658932301,-19.419807679059062
44.372756343683506,89.46305119689114
111.09952184001048,-147.5500920592035
1.2743459627881748,97.55961949648062
99.6645825527871,-55.65772748459264
-141.2701389953509,114.87134392783861
33.973849076951666,123.43221609446272
-70.54787376812855,13.78348559938837
-36.81833135802964,103.17858080749278
-112.90600098589303,-114.41935579204588
-73.56349342581721,52.64758642737013
-47.042766792725644,-146.05441380323933
40.72392693455339,-55.2486271623779
-65.518170150187,-117.1337576013172
63.664377236603826,-83.17747562372382
-1.0510418854014176,40.84177548710716
-82.05156682885737,30.137892241835317
145.706254993325,-78.11735477720364
77.32453659619642,-40.80919071092805
-47.00804593837161,-101.1051218411822
-23.792842072664527,110.82593400019613
147.21354062976047,-78.08403935154044
-46.541741325717595,144.00601252451247
122.98604449607689,-43.43962529226674
-138.9785119557333,8.106392974895726
140.39469140588932,-147.7061916234443
-132.47650219813875,-9.082588447099283
-69.53360433915071,-19.06114248168035
114.43316149668186,45.872523252286726
33.446941605602575,85.59691797096531
127.9306347335114,-84.78136512428617
-110.28155969039292,107.26117879997372
81.41770194714809,34.22781892372123
75.2653819813658,-99.22173718071315
-28.442527959763282,92.89151208781553
-42.10383261893175,-29.897039612152312
-117.98283728274065,25.37856679909845
-23.970167674560656,121.56874224694212
-87.47875420583364,120.18323710270732
-126.46199909151245,146.4667910255157
-103.02604422367634,143.01175787612965
40.075005769674846,58.340174828041654
-109.96015284743989,-118.08202252353867
-60.25097627318249,-121.9287527804733
110.1092185125434,-115.51941823011367
60.75416243501397,13.650616831599393
-137.66863779778578,39.730961884599225
69.663433863835,110.39236523210059
2.260182394062639,145.18171127230198
-134.82054720441624,121.5487533299488
-130.1617924277965,11.138696645260893
25.14722837912683,-83.5458848250244
25.798743410870628,83.84352660915957
-113.00059587715596,0.480020432381707
11.885695385176064,-56.02833266191503
-69.1373475649998,-147.45303812412868
-17.654318212482025,-53.09355412683732
-97.96475227301345,28.828943838231652
67.55131497839275,-67.18591666624484
86.21293977461255,-9.312599265772434
73.8125228220238,-127.17223538437305
-119.4639593369461,72.91854998482523
55.498535183675244,65.7971154245331
66.67765515217943,148.75916109913697
22.98101639738482,-10.771041525151702
-101.27184547514621,-64.59119435654715
-148.4905247257925,-95.20770369469986
77.82762593973345,-2.3867636903189577
-8.04816520066754,-144.22019896782712
122.06377356773771,8.195759608884913
-19.02106098648727,141.3678510206738
-87.52177423542743,65.26298029223943
32.596849335386935,4.141976934439867
-10.293990966993817,54.84135099446445
122.44732092557871,-70.24506232247828
90.79191325557031,-22.72812575197591
-61.27160917030116,-141.64380990542747
92.09373673164421,-136.3917760334505
-74.61986851123366,-92.5980033291875
-135.88154360279322,41.87020179444403
10.582012175962177,-138.45197183467687
36.34175351155068,-37.291272766090884
-56.927834457738186,54.58364798814418
133.8137301730274,107.67281432675026
-89.11394132912059,98.15944013852928
115.82086690556895,7.626837050921665
15.199161634928231,-43.764625412143914
-51.669248197142,61.441781867518586
135.0739979967458,132.4973549033047
-14.612261461998429,33.886197333254785
-8.09582698290211,-97.96074985914717
-71.77177251693801,-40.644218576591
99.26869614088858,-12.790652481009658
37.94125679412298,47.224988233721575
-95.64785504311439,-23.3308501268274
-4.323117100705247,-127.94164898652468
23.26136791688043,-97.6774833023795
3.9358298853633755,143.07361954149928
40.13496513052331,102.505998741588
15.205036125723325,-13.88819980463478
132.82452021584294,-88.4990848823326
-67.7469199571005,96.20416301149578
3.910645741614019,-51.232753196106984
133.02054365623934,125.79246262612486
-88.89429008596025,-101.05804365793395
-63.87310607789465,10.561964071504434
-126.80200446330919,37.38196796014506
-28.9730040927507,3.9641908675169475
-73.28093191131474,1.3378477590356113
-126.04327337988207,-96.14636918796595
-6.049866442487172,-5.604763430610149
-79.0778694861911,-66.1701565964574
14.671933687610363,-63.000602712589924
97.59571283225367,-149.2218082103587
1.7724053124132126,-46.620185423116254
-82.02676809024155,125.7261841235624
97.64145123069798,144.6252344651228
-116.45041454944094,71.20871895536749
-26.03099057291483,-134.08990872646513
29.71627795125437,114.69398568652167
-126.75494084710824,-56.861898589005904
-123.20479593562216,70.06816784390767
77.89846842607386,-100.65339776012556
-55.8389423382979,118.6837795504606
-105.42164605519376,90.50953174987868
-78.37766856838057,5.040531969239311
16.7361203721031,60.269120579219646
-102.33692232435152,128.7322530017496
-70.8930857011651,-110.45602961908855
-33.57295329884134,65.19038085321782
-4.6105202946037025,74.51856456027167
16.216497900706315,101.44037453929266
-84.02872018024233,82.40392998618867
56.5889272011693,-146.38786611985947
-79.43402017949148,125.62440119495056
-27.62199952160941,72.26322432719707
-111.96067171163341,-129.3573781635419
-93.74644183786594,115.4125938576571
99.29351092072247,-63.184021877828485
-110.18716569161677,-127.14712722215168
6.740452906511763,-66.9621999403941
-59.70567032981478,7.494854132593218
-68.17461038793158,-47.15080197664919
-103.83797332365044,-124.62496999571738
-99.9976420320298,-127.41744391248953
-6.55381554793982,138.98664339717885
-42.48355988064502,71.50350895830468
-118.62695619365576,110.63566826518968
-84.93202894588161,65.53039601581511
113.4461570336166,-17.82168276711056
78.38363469281379,-110.09246493405433
107.24396469968985,128.12703817549476
11.587506521464633,-71.19741253720309
-111.50651455794676,-90.58562346775601
-19.31643687958558,-50.74808969015069
-36.39273900792685,20.356798791128426
-94.55841954833323,110.24332139538996
-93.26092010049445,113.1853105956971
45.681634169608856,-8.18940390284095
110.77303047836295,59.94773900731548
-12.292161489158104,141.7433048746264
25.005381464292384,-71.06877436053088
34.42060346969163,-38.33580976440264
-60.69764701747445,-4.500941224708299
138.76273116806897,-49.943352817195574
-29.659531001513713,-108.77710111051648
145.33275935859535,-45.56475873441883
-115.20530257316759,146.69216995660736
128.9813909042491,84.34082728128064
112.29107431555519,68.7699051902479
-115.29904825413473,-34.25460613471424
87.66080271620328,-75.85354745678583
96.85343743721666,-5.678516993570838
-12.640301515061282,-3.69946362901635
-135.23819904015798,10.065356543997297
13.00689679551499,47.9742246363065
-3.419727287522278,-91.1369132824445
-79.34122980934892,-68.63821522061502
13.108104916427834,67.21936900678321
32.65787384246539,-5.983112513883157
-33.923525161464966,-15.531157568241241
-35.99547563490985,122.37960211385314
-115.71887996291957,-129.18025336651596
83.8346898865538,-98.98612809428894
148.45661915960704,83.5671549046709
36.280638620017044,60.59747161879528
59.3032317481196,-144.09305857376253
-103.10286889498201,119.83738250466126
-39.6652428910177,-42.800690347042575
-123.3753633152731,131.67852156198006
-105.77568094445888,-107.10892666905781
-60.85886772533587,27.188820312339487
-110.02149305456116,-74.30646087858028
-5.4337003705506675,17.476058168639042
-41.38502424923689,-107.80659934103988
88.43895277245127,-97.77640256795783
-92.742449850257,40.07628500730854
5.411212050152841,-124.61158105549555
-80.77833791711048,3.705170750475247
106.75078429027036,19.847478493509783
-99.22393054395557,113.52316348167551
80.92864494037593,131.6941717931109
-139.3799288631648,87.94428942829359
-107.4398751386959,-103.00687967861992
-76.16757583087657,-40.56153426086202
40.073228056861296,-63.90466902537551
-90.08588979609425,5.757828159565406
3.6608535353277887,-125.65984250769266
134.65513647870978,-79.0111700170224
-93.25756495200385,-53.53221585296785
-56.28640791925534,131.01665113224328
-101.09522255013471,7.042004507957358
6.085400133859736,-118.44088792928635
-5.107731128784621,63.472446918041754
43.62816943427168,119.05228396216523
35.73917028856144,137.39557199484238
137.68870698449604,71.50085864225548
129.36314933983073,57.01260653760613
124.5781103213306,101.34414320647298
-98.08384083283124,6.985210553705173
-20.40748399351375,125.13929306645605
98.23029312124453,-88.83230734066628
17.604071371515886,76.58495273645434
-30.865298988812,-147.77605538525597
61.24261576597027,-135.02315182208983
-126.22435882839984,-103.28147723541517
140.59549698798082,-145.0107050981724
-130.32804695372124,95.41042005571086
143.54097532508302,-136.24386337960382
94.97989718285226,-132.64566459281073
24.518381330514103,-81.94894244412639
-101.68916167316368,-38.94365223976473
-65.67650144307093,-15.998914953562661
63.25548790174415,76.50643559877608
112.26004162511958,-101.82899204067243
7.0136905993388154,125.73038285293376
42.64521980619608,106.51484187133622
68.90627863495348,-11.621136645892335
-80.06028400727827,109.94580724785095
117.09027653248779,124.61967579471127
28.13530672886941,33.32494823211445
-61.78802903403083,-120.43288216038458
-46.07875278166135,47.61109902075674
-39.148186018514835,32.13647757830023
42.01889255338821,121.29247859556187
-98.06320521162746,81.75139328719848
-133.38378203022066,-27.93757106584755
-122.77412588752733,-48.81461202388108
71.28306453284094,-100.13105358635826
35.365361409280894,-145.23300755918999
-91.24984421840148,-22.90815740635705
34.09487373347696,6.34678744040383
-119.56865852724994,-98.93355803169703
39.52824938207593,129.12367881987495
119.62802111068146,-7.523003922110007
-34.715721129891236,97.30816917499968
-114.72296014114738,121.57186658270444
91.96094074745398,37.55891212695636
88.58738851415481,-48.56903452852738
32.73847337973942,-117.14690336899014
-93.5469637546648,-26.84975931843833
87.76160282909237,12.76099237898336
-67.56586470904715,-61.16331698441077
-137.45936602968456,134.64456851091632
76.82635450969829,47.63910856483483
134.30512572875193,4.441371965228171
-25.544160228342506,-46.54507791096425
40.96959324403778,-71.32546724150475
-18.2187546204554,49.75325531227301
90.15735370599347,-0.17910540565125643
30.014890374244118,47.671927252638824
-100.35234528696711,125.53481766120825
99.14261381802623,-89.30106341352696
11.779825810621986,-129.62071829851692
65.51149420507974,-99.99280471282786
134.52663631818803,58.87254194586134
-123.58822691851238,-102.7836390190075
-51.62300260078145,-18.68950521195893
-143.62801734973505,137.36046018762738
39.07660169594379,-60.03958979296242
110.30529781995625,56.795328042629194
-30.052263611072533,113.12773908883821
145.61766442301257,-64.59475810875844
39.29629890787723,-61.645642372426025
-102.68756728827842,-0.3777019539605533
-66.5762838525485,-31.853066093165282
78.02732784946545,107.37505955936984
81.35134314496474,-132.28947126923168
41.668712820868734,-83.76871229313603
-39.00366108937942,146.24180833887294
147.53969177518252,-7.686225713829145
27.000692853042153,-133.65910405140258
-140.53537069653098,27.02994852806927
-83.1325886261022,-59.707098229179294
-108.50761351681557,-53.90245408140558
8.924916368397334,85.57143149962201
-65.77842432822662,74.3255110811568
30.593505346488428,-137.7782369389269
5.793032309353066,74.8194825356409
-140.6899364306192,-73.02127702848145
-31.18154596636093,1.0290821845684945
28.895973122040573,-46.2035493124705
-77.47687615539091,121.29556544446746
123.02743002996147,-2.664738896324195
-108.79867179894893,-66.6431088144104
-65.20153064699633,14.670451933307106
-57.47042776808925,50.102813807150056
74.74990340722394,-41.75786992569846
-47.16530824905088,-51.88654767064109
83.5413560099262,97.57342656262833
84.48211184120322,58.26960417704129
-29.485721355263735,-18.62723508246475
64.65575847549576,47.682747766206205
100.4915913179581,104.05129555602599
19.50188791742886,96.81804528490082
81.95300306416391,-149.370012145087
-129.46209497155797,-133.0325964484542
90.91921207980926,-48.21504177384726
93.97403224948556,-110.27825864621184
-143.60441600691928,112.93680971539732
90.52000792367926,135.1230725058362
124.43083426038544,20.330978661192972
103.71639768427517,-144.60894682993325
142.51481775440016,27.639109190235644
-5.028658370766863,-56.079132763002036
136.94700920008432,-49.731776724882906
-33.47959398286936,-20.533331175547715
5.06590917881897,-41.86093652111268
20.495728994023352,138.37950477061224
9.77653092485832,-48.16921262989554
83.01844379585367,-27.434903694325044
25.717144274813705,46.4686883315305
-106.93441100128564,124.72584606676082
73.74915887002717,-131.32814593407713
124.87963747879138,-44.26297204279189
-52.05755405975782,135.38943151492498
55.58092008026179,94.62721371257473
-132.10633334814742,13.811913979930779
103.73289303854227,-64.43223537341467
11.920841760713841,68.36092429857914
-36.707678560190644,-127.93946065318622
-53.90017583393504,105.66404682512649
100.27011501908339,11.366695994007557
98.69283817463634,-108.96042547005464
-15.190482833968332,-92.00586335646591
-32.33084530137444,-149.52584039619893
78.45021754047704,99.53743142836242
-138.41138516368812,-82.77785395378898
-17.695044198569633,-38.04082487401401
-48.47829092606945,70.83930161889376
-19.521256415579785,133.83346999782316
-141.62608945725742,-124.82140990371752
86.33853948806612,22.737970904982376
99.07273181698528,67.11439011717283
-41.35122648280306,-113.05979196241265
30.143324742907964,-54.406863008755906
29.809665295646255,118.49029427664118
-12.338068417155881,-70.00289318983043
-37.14076794090114,83.35949103617506
-44.751647714208076,38.657203409179345
-85.30200655471421,141.86635878469826
85.99128806756903,-48.47772360133449
147.00668066597228,-53.95499424795794
-74.31530049116392,-41.80360124063216
73.87657844628299,-58.280324167563464
1.8736360523204496,-55.62372306588129
81.8486469854983,-12.532256928385038
-61.27451235947329,-94.68653040573031
-100.35118865857055,-2.007058045520978
-116.76497492750696,-1.6473000707850645
-88.8675323760504,95.77626445889052
-143.25928874750252,-101.77857884564506
38.71774788284259,-139.52440065744614
-60.20935670371229,-144.07538623655347
91.14408869725347,18.151236654197106
59.65164112096929,-118.00070248721703
-88.2452281587725,32.95130267129326
-81.70145414122783,142.9044223774958
-94.92249056349152,-50.2278911166308
135.30877614086904,78.03951540466801
-24.577107562536185,130.40983834851346
-69.41872731548435,55.09643818094483
33.712410961062034,-16.929954057679055
114.00667828349526,-51.04686637039853
143.9555087950265,117.65894309003892
-117.87366174530455,-106.25506902961095
22.477386429088142,-109.18034889857151
127.7175359691874,-23.23249138683697
-145.50703664281542,75.33206284024698
-17.180262499754377,-121.91896168057066
87.82952185278799,-76.81491211697578
54.419301072798476,96.91271846969786
-134.79299081712205,-116.43843647548144
-2.7998319246547396,70.4705862608518
52.83892749567602,-61.06140205415598
-27.152701745293967,123.69357501190996
67.50822076385776,99.42563414334944
141.73990449941493,-90.59619215496875
-9.663116585875628,139.31399022253828
111.99694775357074,-57.07877946384214
95.31849351932829,140.86070121380186
-4.763862211870787,31.112539749926214
-3.3182323128821736,-6.956888421470893
35.81884228324162,-30.533122154415366
-111.07267387752482,-80.54906749603697
117.56483748870636,-92.93749540271415
99.435899883623,-62.68000931942049
-72.92115741949647,148.45645580650972
126.59864754920619,74.89493979584685
90.13455817300056,39.29058688908333
-1.0966285174495454,-118.66371317516314
28.922176488815467,-22.332251976617357
114.07949587439612,70.32347332295086
-35.98744964224032,45.421208635281886
115.06052990595902,-72.96188170202178
-8.417773958515909,120.08958192648299
117.7613054958955,-125.8583595863739
-28.38007509620543,142.10725682779577
-50.50629634504844,16.044603596470495
-36.56004980822904,41.4583191659799
80.0834448282329,-56.725161442537654
41.51704145966434,72.47313708166212
-12.769631306392142,-60.8567531486143
52.63691561992334,43.56394364498553
100.02852256473861,9.152502077358633
133.80151730596634,-83.16809645592986
-147.01109306440912,-14.272078850591583
-140.16313247373643,69.14115991530252
-61.905923948900934,-1.3551491216774707
57.45235727685838,3.2144195755809903
-38.18052163944627,-46.15334897023831
93.40508421494437,36.257580156921165
-83.27142711806538,140.67107142816707
18.319325324378923,-58.0311434152391
8.940047969714925,10.913371525690536
6.780497148143013,-140.47290147466447
117.29288870095291,3.574715261547567
-39.107748281252924,7.132582527223008
17.774556357102625,107.88501937733747
-63.895549644238045,-64.24040864584751
83.18830507614732,26.511254031827946
-77.19018517538815,107.60417960177347
70.78869948323324,-76.89712258118867
-106.39544245282752,74.42892468073799
59.53862200274571,135.50296115870066
-72.26254028126917,54.85768261537132
52.44669685932928,-15.86877321197548
63.71467389616137,-118.20510913111771
-83.4093774320276,85.62751589142596
96.85604438587117,86.77624757057305
-33.60603246123193,56.4466140224109
-149.85751916932816,66.7882781787809
-26.804789620732336,53.27954610918607
147.16288206698516,92.68606540664939
-43.010244860660976,-136.21347083271834
-11.172884820205411,40.78483769971842
-28.96586856331065,12.615704881319743
-115.85933314451916,-109.1474851180549
-114.71605186318638,-39.4383853343076
119.83682875753823,60.392601245125775
141.89799496761503,47.53531888912269
-28.085026181469658,-64.40143523407215
-91.34198396298027,-86.63500302731319
-18.83700561380931,-92.57733373844509
-81.9639901261313,15.85389504822021
-60.15726998723436,88.86978239040752
-2.627759015734881,-105.73284316918927
48.554655690702106,-8.673196434486812
-0.24021435692259274,35.10877704300415
-47.66067814432061,88.98075380978244
-144.4993856147353,-141.39417194387767
64.931721235617,54.5922345323977
-26.3596674344775,-7.298171415898167
-73.25904224227689,8.66697589429765
-50.61558997429077,104.96120123775984
-18.008495294417514,30.79297736384723
35.116501785581136,-45.362604719761606
58.363277427105714,-140.3328054491661
-50.5830942998183,41.607024711171846
126.08171664587815,-0.9296484378072591
34.926724784641436,-123.99281451030042
-68.83656575830582,112.23283051528051
74.19136606692814,-27.227646225358342
56.36511923901941,-18.58602202130436
-63.04768550294497,135.13239548262214
-98.19813992854364,115.07379100712512
134.90509586913487,78.26744828257239
26.471500568915303,0.7721858915581379
102.70544781834326,-24.01451811389603
-87.00359744839412,56.11084132816015
114.26796652890033,30.615131825558194
9.661442691198431,129.0658143868847
97.73316298087215,-126.8424802838297
31.77464752396068,-5.43330750078232
-106.41509144007242,-149.0715117612304
-20.404093025055943,10.055362884593222
-15.128157845416723,100.48271641439248
-133.91083739470474,-130.53860702581548
52.00622025306242,13.386584224794575
-105.73890757639441,-56.3558751068648
51.57514845305772,37.89777406230414
77.35491978029961,-113.76633554039148
-76.27998851502146,14.482447146395373
-26.982635240094595,-139.9421920921217
109.68716665176049,80.5783991477482
-47.01178509590454,138.258945164699
-65.53610126782611,110.32923467855807
-127.55087796210422,-113.94798241961118
-120.16101616681092,64.35928698602655
78.20001941784358,-112.18526761499383
-57.00165960237345,45.12346504279557
109.74521334611472,-25.229264879643893
-99.94671512473222,89.67022502023389
-78.6140830978472,46.476668176925926
-98.31191078862622,-148.80347134217328
-98.62204482566042,62.252055753394586
-18.39942923544075,16.597545579688642
-60.41432842002715,-10.993050334101838
77.24850030618865,-116.77549210506555
-71.37109040120006,4.493780460808551
114.28583024238003,-34.54890720189849
-123.62699856988124,-110.79651024662282
113.26167001875314,-21.91447048475885
-136.39649976619197,-50.99869136874645
97.7756142841543,140.5872556114477
-48.24409312809014,41.112772470237644
-116.2281895025288,64.2568078306482
-131.94949605869306,-16.80581313750838
114.1388370097194,78.23902100611446
-83.63633697531927,116.87357677517036
-107.86699317792736,-142.83352704515787
76.78098973350839,140.3454204467539
-1.6601682880929332,-30.78706592043237
14.687047621878122,98.92601481682041
-49.47232208805089,-6.759238936018477
67.67328189157163,-137.55460165108033
46.40608119975187,102.06311473733732
87.87303593411079,-72.58159992812296
82.28399266553527,-34.83826046050412
33.83876310759297,28.159650709599703
-146.99727435967176,132.03650308126106
134.96899772571447,-98.051324059622
-61.30965622472367,141.67581428449165
-37.19929673104653,26.600869881705222
-28.8581413235472,78.40967312238851
-31.32607982849727,66.50693856321126
41.89455647942165,88.0325605053728
98.22855428788051,-48.432883645121024
-115.62632814328583,33.14601935096215
-133.91151057851292,122.99220044543802
113.30552803691387,-27.314211440932183
-111.572815507124,106.04486012314908
-71.95240359997595,140.08922636023692
87.77495950619013,-38.11940047959291
-47.239941137359025,51.53712412256675
-110.26591272396891,-102.78631203571491
24.86931104411235,-127.86222326026217
-15.652941261613336,-68.57564867565996
143.2706138290165,-148.58722728152196
-85.33108001246399,-137.54380517154604
-23.321427358284893,104.25334249236872
-131.26508764154022,90.25434319847992
-68.3828567888361,143.11662943922965
32.097403791061225,33.10100951152032
-54.67653887105659,146.37756301729337
-26.863749465039916,-69.47279975908648
-54.55658063841791,116.11769820119662
-84.52147966071134,42.72975122795037
67.83488072122108,41.421104613349115
-116.40528427847063,-148.01362618514713
137.41036408424924,21.271299796693853
-7.187469069527282,114.6546212194354
131.5202313127246,131.02689833969998
-29.617323206751138,3.266588873077012
-62.83505697527238,21.632011200981168
20.870280224731943,-104.41987229814697
59.19342814865638,-141.7647668308045
24.9547897004785,-67.5987479052069
-75.11172299054103,-80.50772030359198
97.14364928049602,-78.92587860376405
147.53696785386376,125.35152462105094
-128.47692538653848,-113.45910727479438
65.55415547112372,-141.79945149233325
-37.48244304488466,-52.15155591462886
-58.983754845129724,144.87315673571106
32.46666900376874,-9.066936972522313
44.284026272284365,-115.26311834768234
-42.18632047321765,76.13825835416759
-117.51701005849776,107.68368590859643
-16.81746862791462,81.58333931031868
142.9053206445442,-81.75378933887558
8.695606701349277,-149.26594990232823
-115.15515987667763,101.74473967660356
98.89662785587066,-99.71076853376121
-70.89028467095979,144.95787866014177
55.01592927541341,-16.71004737955576
149.02580395417976,-112.7419517949455
-38.956573408975686,22.648845563849903
129.42495674560826,114.21673796884437
-65.96589330635425,144.54839286793157
119.08002683413207,7.410797485324906
77.46886759861556,27.774167482980403
28.348423343987406,-12.963095443799176
-79.43385876046158,-119.08951145439403
-79.78681509475071,104.5372935044266
-13.273302354455325,116.39761857322804
133.02837041214053,43.61418233417385
149.42324838074154,86.28062913552156
-141.3632798121587,-20.3844722512915
-108.56127092569965,33.68251024315222
-61.990685624433524,-132.5453836500635
-134.4272034639352,98.46871966141043
-19.923695505764073,-15.817088072660766
38.2965059088591,74.60825401178428
-30.991623578279402,85.77749536018351
23.500405403149188,-131.24916113490644
-66.95371965028417,-114.39706482101326
-141.83020852239997,84.65262126946647
64.75073272772721,-93.93150355804434
-52.977593089974675,-21.288166781604787
-29.780335148618107,-68.61749990044305
-41.60837511515561,124.45253671752823
-10.68094017837032,-104.53419299832748
-116.84459200478693,127.57732786813864
-35.59946415798305,-91.59014010832182
-83.37689175934166,99.7925548154926
50.924391434023875,13.375854973102122
111.07171489484904,2.697153649242779
145.6773579960847,-112.15754231670863
-23.814418150659733,11.17875193441347
-83.56641868606349,-85.2873952933455
108.80814408279747,-84.31459363885217
-142.29985721223937,-134.2672819895402
-71.07790329100277,-134.35552368858566
-54.17116159791905,-7.851511808458696
-42.64401312651674,128.20225596444692
-8.753338171792052,11.264488530246553
93.98068522338158,5.843915743284072
14.152427545279636,-129.34835914207127
-34.276094705091694,91.26486559905916
77.16564854706522,1.4633542725946995
43.98061954686099,98.8704057979667
143.19226019079474,-108.68557332713509
65.76359935540637,-4.191586448603914
115.23275574601166,-97.90575260384162
-132.00602521597676,16.478601502907907
-133.29330788946214,-76.62677837023352
32.70952329840276,149.9850158882366
20.338183985877237,15.332701685727983
143.4087097811892,-89.39172044241977
-101.63454421300295,-128.81670144197386
33.080821908777324,-108.7508429213645
-52.13970691667558,-140.26773284221017
-111.19367046930097,-27.434061900278238
-59.92527601857519,109.92944239875175
-14.091096265338308,98.79700731018002
120.86603549884273,-39.569425709954515
86.86440065492502,-32.88742150707796
-31.331227619282814,0.5628687754076225
-145.15994766070844,29.913756665597788
-22.866874073040762,-87.03045192418381
-130.9788532164376,106.70472846950952
78.3876780399032,18.399966508451598
-104.39176826300019,30.830088224468398
5.422579155270199,128.58172764947216
-65.52254240460368,-140.62028778330193
-147.16554936270268,-138.53930197272285
-89.12605190762045,18.643206810982804
111.12242290666882,-104.44325323187624
13.050347435907582,87.88805319750949
-136.59184640527624,12.775083970563458
23.02603236573026,112.73734188826973
-78.62176856046361,35.29095518330459
53.238244593919376,-62.39589860911801
-0.41643985794124205,122.5850485703192
51.41368797352959,8.062195898995725
-110.0083264923694,1.8423163918264436
-64.69587837753421,133.48807872040896
-38.06628209533254,137.86394209768872
-1.0723443665018806,-108.06718549943184
-134.91090562579535,-144.82825916839764
-110.87043600965819,-146.49051529815236
-101.60945108515835,57.42144138041843
13.233963841644595,15.41978583388439
21.527087286293664,1.661173978418276
-45.67781843341959,-95.45901344044074
-10.987350672501407,99.44269324943187
147.7686349449923,-89.1033509741188
-141.4386638035698,-43.91676593750272
-85.80254461423736,145.85956539207763
-11.895905470127303,-40.22461005669166
-123.28779442377972,23.270291249092537
81.06016428283388,-84.4801674848597
7.334064409170736,-148.69056694276085
-52.561744202712404,24.733281303323054
109.90237934613805,20.07649417901817
-95.12730818370478,86.38910157829878
-29.259681501765527,79.17538288075681
85.39570114304323,10.59789534363901
61.31652288693522,-35.93829511722481
-26.02789839460216,144.27402002411145
93.93614388213473,36.91934594271794
84.74503655225695,48.174943628979435
68.54081265158308,-108.27089245298578
-36.27126604575837,91.03944993248473
51.467166256598176,74.90274639369031
104.49316418698999,71.87148078810452
109.81842165821547,98.72235629557349
-137.1896433478392,-95.14258597761753
37.91458405930271,130.81925546857207
-81.68382419130066,56.12958258820299
-79.38285961534591,35.118871998161836
-134.45784449004236,39.82033328826691
35.12825688057137,-101.60650153025176
-132.06256929109412,-107.80646726751337
63.72292504259167,108.20125597991569
-83.61372278067019,110.268917964617
-2.279506050218032,-89.97409120725499
-9.315044946399269,84.70682481685103
139.90658711428586,-97.69430059892431
-55.370857796760916,-59.30943497573293
-131.31116811062657,-80.78157258742681
82.48654051723565,-41.84265396444246
90.76280632548239,-45.445723068104414
-68.97400167925723,71.25125625630139
38.19642782290268,93.23067943401207
-44.3741048287751,-115.30890762928847
-100.99142406254742,132.1816362945395
148.22999904784865,69.32246442093762
82.45106306902565,-42.38739172229441
61.62786420404419,105.56257091258291
116.65390504769391,-65.69966569019282
121.61747472460195,-129.43966831086064
89.56068543054951,-52.37827937412658
-9.821126676054064,-36.476463184755374
-74.34912427976904,-29.734114213261634
-24.268668013725616,120.2767260016999
-81.78608420656079,-28.800142193021813
103.6657171011069,15.7262226061452
43.43211972764715,10.369470650264532
85.59875312252021,16.566551666818754
-74.16007932313416,-66.90784874357449
-39.570808617104674,1.478258041223313
-55.639233571416796,56.490806697942645
113.42393144266345,-117.94664838538372
22.278829613922653,47.93738811571109
-60.7187655071549,-47.57363108397999
124.86649221591404,-42.679998563121714
-44.05388852796101,-91.87454191484623
95.81981550543176,-60.52531899223729
62.33762876798886,-70.24261903983749
-51.54617661789061,-25.967260927883586
146.4683411041961,-115.89515411583878
-126.41998360107841,77.98572473573955
127.74205714619467,13.175397180269101
34.87692489928759,-121.20020106143843
103.65910963609318,78.46052278524306
-120.58372366652567,62.7089460283014
118.46441961944981,141.4201541824924
121.38896436492041,104.3624256938798
39.99299930786816,11.899534383421667
61.84895691219725,-48.59070368777603
113.03503185894425,72.00186460237387
76.15491841183126,94.60362409419099
70.10413521509369,144.60242761826942
139.89232947610145,46.590803429664504
119.57667412611863,129.66518798852127
72.23754965840027,18.810765754193767
98.22915291802605,111.49152279444263
122.62924705848997,115.78804876752315
-30.691387098489088,130.12727331220754
-95.85209753704683,76.30594599319775
84.19848478105314,-78.72280787959302
-130.22050312128104,126.43736131409082
-121.56577455926472,-103.10276938714371
33.94875989137981,-128.82125304089027
103.91772756422782,47.94089233627233
111.34400647985302,-118.52003974814714
-5.932720099087959,-66.44606403950522
31.458144411051308,99.02911567188406
-129.73743118370373,99.59871447974072
103.9828411066552,-18.17492333185018
-28.500449084501483,-100.51088317476189
87.12263182900719,-97.6453446337666
29.389608289268608,-108.31551845862606
-110.32762378414122,-46.09790077447677
92.69765306456657,-145.26117789343533
0.5355560156106378,-57.42875469635857
0.13493286268183624,-100.34348165591928
-120.78310137962248,94.321560068883
-64.97423207017508,-43.20427656384133
-133.22658512445594,47.7945226728292
83.37696673202743,-24.816825485130423
-28.42686719446465,83.79018249813251
62.1488336112144,18.93682059724827
-128.18832624551808,-44.42589316479969
23.040102423011973,-135.1248484253588
-39.9131004383363,-95.40814585638438
-94.77956250185818,30.7101763387964
-148.61943873975298,-142.65471922812125
47.10225974351076,59.33867553526474
-86.88102142131501,-20.381015852952515
10.348708141620847,-110.02668711408121
88.06816092524906,48.956210285027936
-37.89825601858101,118.70683630221566
0.8219200221984124,-133.27647449650223
-141.14673271297426,20.40623074263854
-108.53621193492316,111.5573972276128
35.046956381582504,108.37175959931602
-75.94864024706948,-51.73695116904523
-119.77410032008076,-100.63489855944911
107.5621905508134,-11.163822160018213
97.71938598160699,-121.960884971544
100.42095396566319,96.00765597883128
26.026915252475902,16.85125299774907
45.20706475412652,18.042215655336236
21.219576475368598,22.404323071673076
-102.5501613998571,-143.57044144637973
-100.09570535934223,-83.86302047456289
-129.40788891514333,38.875670263647606
76.53141423144513,-32.586798601441984
-13.82026207835986,47.129084472387945
111.13422975853769,-14.836956525136202
93.24612856611108,30.447761758942193
-66.1167197801525,-73.21657986398134
101.09904472788105,73.29783797199619
116.08535574130002,112.07292316112591
40.87377177307829,70.21013504344407
100.69342763520115,-28.41984050895779
-73.11225982372753,119.67424978772107
77.21400172194822,86.32641201210791
53.549704880093174,87.52199171046715
98.12462759642068,3.2194586510157706
-104.95787806594296,-144.10926375972477
-22.593284153104705,-37.07129276797954
-58.08692124441865,14.460843673892867
-97.99805524686087,-13.097390817896809
-31.95070272602149,19.50132993238384
-138.8194940878881,105.61594140432823
-92.90323486654725,68.02206243492972
7.703169069959358,-52.07866607180462
-71.2110002293927,94.84068890691205
105.086236545552,148.6376233820895
129.7447052232866,-12.39386073200771
95.92042573243543,-105.09186519735209
-89.94114101071622,-104.71073347675903
-80.53399186105597,107.94877784121894
-47.55783971753907,73.58708354549677
-93.532906107368,-80.82224336633729
9.172214470424194,15.963157240713997
12.348623440873894,92.3702541430176
26.370779996994173,76.58579765428601
129.8586426511282,-110.67508604460927
-128.39978644947328,-91.07064659875411
32.65240849889395,-89.0445984392919
-71.98026645261284,-28.10710169639775
82.033746728182,-139.2884620339151
51.658499382073586,-39.72268492450078
86.66171716647963,-19.969959437371813
-113.99148506793026,-82.6082986393939
53.13064241292196,-109.72338228344326
-64.67602762030512,-92.17510932489435
17.74088738197898,88.91076171899789
106.06378671988472,34.25211360413667
-92.1908459103632,-130.4261404163964
61.54686960855042,29.682072139590275
7.384271787545373,-87.36801554917164
9.765588871871614,-100.23916777031982
-1.2771951826244958,-60.04789646105172
132.03113726488868,20.154481651114935
117.09805511294587,88.9775192258775
69.21500812842078,120.21565806591377
-80.45024532635074,106.68643290308057
-66.15843772433351,121.42424411443119
-140.12743971959867,115.17524725021752
148.14050253757222,-52.590427223787444
46.16565402406138,-97.2903251251359
-101.52253331950985,-79.99770249875286
147.68830361618842,-137.80941974586136
106.15801498789187,65.205042088211
-52.32547863648462,-72.13991141933099
66.28593955677857,103.28315154074318
20.306916359256178,64.1646809420769
-34.89589108481093,-36.04503633262391
18.95555962886519,-39.7578844644641
24.815251593648924,116.09733841328739
30.417494499613525,118.97707379425202
127.27513144592098,-35.71428221037293
30.287244112455937,135.31646015200545
124.09010159210715,109.2435145651221
-133.22787766611071,-76.14475530734754
-104.49155925019288,122.0282704557676
-113.56927032457656,46.2011063995746
-30.316293097863678,-4.582680014940422
-17.706626250689624,-83.20998293781909
2.1070178731258977,-40.514537572792875
77.57485019936018,-48.87234981067489
-103.56900874942646,-133.59980447717675
45.683365450183544,-8.213418736883739
55.40355391970331,22.816221662529443
36.826823344325476,115.14719136569954
-71.49726753475295,56.3662418062147
54.85445383858152,-13.55430265744485
-59.0733208555571,-132.15943929257173
131.88160373245535,80.36218924521489
-133.9040124904501,-55.898968191427485
-105.23310113246039,-85.23398068803758
-96.14223722532583,3.4799267970206813
-24.367980351182695,-100.23954384319039
142.88154278614434,98.13974453636746
56.37259869510453,90.55438171874687
103.65985286182615,-32.38185084737563
1.853219328181666,93.53863506893444
-27.28187647321181,-5.91622369092687
33.239566917871514,118.73143088479452
85.52744978367875,18.997042786737296
87.37705257345385,143.3781443319728
29.095449352732516,57.25417177245157
-120.74595594515539,-131.6629810232602
61.44259105506674,-75.13643894298964
44.99570314255541,73.84650084711532
125.21089868686772,-113.8891671340198
-12.016230778345658,-10.218787775839388
-128.3769868943205,-149.8263443080404
-123.61921670780127,90.54567827684505
-93.19306671917623,-113.56195630499502
65.24499407750366,112.6840963479786
128.75293257297466,-128.89421603147332
3.2539480478512246,-108.70563564192715
-91.516284286462,-97.92667652584302
122.81076540117385,58.97045704220346
-27.43589114189298,-32.23938822534784
91.55889656754817,-135.0099362299932
-90.85920343828937,-67.27791549048328
80.2049267530117,-33.932180858582655
143.36506068772314,74.20295334380361
70.38543810456906,-0.3841349418815412
-79.65688006348601,-9.196377214188544
23.72380206217767,-52.27064962759812
114.65024001414781,82.5532861294206
62.4035203091716,-17.0175491854377
119.50919695777856,34.48993467503925
-32.660255331830214,-17.94076701908287
-105.94584812212875,4.943084452697519
-111.4718006262639,136.47609842806332
-136.52173832877958,119.9345374095056
18.615884009040656,78.33717527979223
-68.61956897588254,-1.5395599339640569
12.463214591890392,-25.5418407882745
-50.29532761379292,-141.93634545896998
-116.47589312090179,149.6795679536225
61.555828544716604,-84.93858190193326
-128.06554823858792,-43.32319351094658
69.0359093392764,-15.688696265115851
-31.754351483272174,114.50438596881685
148.58536306140138,41.49551470675877
-144.97497323367676,-99.49498637584634
11.36861837975843,105.29170254289582
-56.87838482482552,35.513370569560834
135.00043965539498,60.2678412547362
57.352055837008436,-80.72953444774049
115.84408332895538,-120.83739166233755
96.82752679757797,115.53217251455277
42.510555628929154,-67.17490688220349
-77.25779912187127,16.77377787156189
68.36523516120738,31.260470703293237
92.5106644889213,33.00674495093969
44.158971813008975,-35.00446963848543
107.19909782596625,-52.710865700124316
133.9089233711358,27.68751596617497
36.850575851305734,-134.49873329983163
-17.642454548196355,-109.2265277279575
24.033787858921443,-125.77645601701076
49.778394781011315,-80.35598804253729
46.11442150279166,84.47460157418467
28.59091211040871,106.5228529764106
-66.06334190304199,-44.776769760375615
101.3301305251413,-81.64935555227781
-82.49182470322172,-141.7583427820431
-149.81087977947328,39.06327184539725
-85.6871646781998,79.69450643220492
75.75068777680102,55.95647723866847
-72.27521547202262,3.454663716103937
-23.951261264173567,-4.894291146256563
127.87266727522893,123.29770773942931
-55.511594774575386,27.635902577415322
-75.24473020603787,88.22665790540134
109.9179668801437,-124.09592834273312
-135.54772827287832,1.6170410689166488
149.417304670661,59.3162704053114
31.822842197320796,-92.82028283550508
58.2324502222321,-56.03271484754063
81.72402466209641,-59.126872371139854
-6.290977814719156,-61.66976067102394
-67.24198334575938,61.95733152821745
-58.50086253836322,-105.77541710666179
-49.24072992510426,14.792870384437748
2.371351408631199,-58.827100503165354
58.437948387904385,-66.38377423100255
-48.616928679427346,-23.33480972884493
104.59901556628978,139.66763940566443
33.6468176213875,-98.82800777472742
-141.21716679888416,-22.647204288691412
-104.42936946675223,-129.32552366484867
49.14265758248419,85.72355887989454
26.917560329748113,106.84999907718031
26.887873977592278,-25.393786456121376
57.39174279102755,-63.034449735875384
55.31910527230997,-35.25814617272036
-2.947136792971918,13.968089467143699
-69.17013180006514,6.650726209082535
-96.59222507531368,91.72003023986701
77.70234846060546,-93.47163915602718
-49.21406943787359,145.22277193573558
-43.518280322744275,18.56202138795004
51.19013575658229,-49.46222862249796
80.16534558110476,21.694019931025878
27.12457811647414,-105.91276071109915
3.910783365505438,-66.2973153933581
54.266512863395405,-105.7119586057127
-19.67825225376356,145.953603215466
-79.09940889391596,47.611612460980666
5.56034218596497,66.05644742784654
63.200038975118076,42.55551661143113
13.385690182317177,-130.65529884543778
63.50779207265964,-116.71369115331618
51.54669444978168,32.24616925167078
92.29355126291671,61.91518289646328
16.33473702529875,33.1161232533683
-42.54878649144031,19.455700304410186
-11.198443718003205,-45.62095103717249
45.431369101584636,-70.32615829798041
120.78819193587799,-75.33370420149963
40.098740888849136,4.270923523810609
69.42825644141658,-64.4364370438353
101.37795641371738,147.67309361065037
139.86931132938525,36.139322030272126
-78.56609521873648,92.85216514555376
115.44580533512277,96.83287484998723
-134.55125722012284,-68.69074198927315
120.46402977147636,19.29149552532502
-11.926234268040332,126.14709415564198
4.726215601270582,-78.86856935983381
18.079313166122034,-148.10400612161527
119.48565792027688,123.02972141363455
-37.62317167824057,-17.794796964669757
-143.65368485523084,10.852064310522366
144.99192111765865,13.365296592872909
-56.42058037197043,74.04422789893573
125.1746783197766,-31.310480127168233
-26.253232875326717,8.58709448279376
6.989984754843533,80.12285768115834
145.75328275389734,-12.933992815060265
117.49039418840619,-59.1366268092803
-79.11031937927108,3.4629890337349707
75.98663301110795,125.35704281502865
138.54670896184643,66.56459495063243
106.86193375790447,-34.45363561938831
85.96917894409714,-94.43048894135966
118.42645693672137,-22.50924108988893
-97.71214801073822,-21.86026060218728
-90.4812092557938,62.66094557666929
118.03207116422067,29.991929920047568
-36.7193991493767,-52.9194656774347
-80.33444750237322,102.16005018175954
11.793151068367933,31.927242372343017
78.5346323335855,-128.71960408667155
-94.51243788656384,-1.5579725044070472
140.0373066138423,64.73989403250832
-8.118046161469607,45.3387297351137
-10.170452065790386,117.37567171729353
11.405522375704606,68.56543673616335
41.937441881715614,108.68622742027583
-125.95734360182863,95.73645610852381
92.12461657671241,-117.49575535775566
-51.584500820124745,49.917787805662215
-10.928693816128828,-25.696849799871543
63.26109175426723,1.4667726000332664
-99.25355054125723,-83.25692845880873
26.168135084457077,-102.89597053242149
-31.600741327074815,-89.84278662230876
84.25790449694881,-45.74862655526046
-86.80334744377397,66.63512405618675
100.76784605430979,100.78707149739787
-22.817581729414343,-80.8838332143299
-126.74928944158519,-23.24670877070774
131.10806620838753,-136.08795750695748
-99.568063685992,-69.73898126478217
-29.936056821840268,-72.82270301788685
-147.03434888288376,29.593424497627694
115.31564556975411,138.55011684002034
113.2661152533737,-4.472350729416604
-13.751612951891104,-118.82008448842116
-3.10790806842283,68.5566544853072
-126.04625287092814,88.3766814304677
14.286448538306018,-102.87823639846968
-118.71143470252068,-111.08833234378321
1.0749432417955234,-22.49403517291283
-106.65337917958273,-16.583192802404227
-67.91319625073376,94.17124500358074
-27.818876544844827,1.8511970599841732
145.67475394068884,67.24629343128694
65.74968811186594,-142.63452994420626
4.552229341815689,34.083744486552206
-31.720210506890993,87.73813833500509
7.0910030661418375,88.75212907065051
-47.779120861633956,-35.80497142644313
-59.76555052453175,-48.18055642589229
-104.4661911728623,41.1932859412627
42.82173606642769,-99.67809622485163
-0.8169396748349698,-29.934827591609903
-77.09770044177647,-31.519494445581003
-74.88443329793463,-107.600283062475
126.60158600151124,-147.1485484644035
-47.137639503323584,146.08060044787595
113.86919945541365,-127.5100598828686
57.788994643088046,125.84394947799899
67.35553388988845,-42.578858003305825
140.89130075694266,-5.818577551320146
-96.95798471821257,-102.69448098939125
-78.69011448645374,-60.20855594478938
-74.02484542261242,-147.76711534338648
-22.50554369967776,130.82060939791057
-115.61436347997923,24.135431040672927
-26.171239664094827,0.48088081350863376
-55.75298516399991,-4.886853761994644
39.999173963592625,-98.12298587243606
-11.168307661148418,-142.96142945258217
26.1772669783864,57.58881503626253
82.42103174547154,-19.388636887847156
-8.375079181247031,138.05470299090734
-125.05715134954187,78.87276063626933
77.79018703857028,-130.53092306315526
-52.888668986937276,41.97866139865346
20.094847645397948,-73.05825858994302
-89.23078237650195,89.15305845230512
-77.9877654932832,39.458419506821684
-9.298450676534287,-43.89331560088368
135.8996474108542,-137.2795468899399
20.86672905821254,5.140165202626349
-104.2664224885317,-66.8281709837338
0.5014684963747413,-86.31749164090822
-134.23081543257254,-84.6714061506684
95.54697639726871,-113.01854540137859
-73.33487081625002,134.82063040769492
21.492512514654294,32.043604650441836
137.26694233985535,-57.97491374617782
-74.56018917418457,30.60208552611587
-111.8444911244872,-132.81502450492883
-44.3818833498638,-138.94210087737258
-13.645778967807018,55.874067342069594
-67.42068136211796,16.298561139291536
-70.25891890501728,146.6570084703145
148.42823419201426,-136.68037149406456
-90.50945776367129,-139.4449877592819
-111.80589776367398,66.49518397632417
67.35209118193225,-21.191480078227556
-54.68103366808201,42.23913229912819
-136.61826070684157,-83.57029331529458
7.4783275857731155,63.5586404682434
52.77541283530226,-92.31269653458412
-56.496290614005744,-50.31441485155045
108.80978180794023,136.10238725593047
79.48998766744981,141.5920414038925
119.87053417062623,-31.880583239340808
-53.21368366007867,-2.7559709739936977
47.87567258020914,-26.18547393701158
47.33791893316405,-123.9425098924342
40.16536091157241,116.64545208803588
26.165636362312995,-136.08279043446709
-62.78334613100296,-145.1850385179925
122.14835237855232,41.013358094379925
-41.267917397696635,77.79745989309117
-98.05230142964001,120.90838415230462
-83.23547187613379,147.69270480617018
14.419923080715023,-44.48115411891936
31.804711663426787,-80.33081163328296
-139.45789517399558,-56.51445455866164
131.76316786192638,135.33317931348165
-35.04825646831881,-55.23863494885765
-23.4543384599138,-36.05182355276652
106.94446766174167,-132.6804533223746
-24.64023047664878,20.39276851067703
-84.36815092398393,134.82445063206472
44.97158699954002,127.98534535723303
-143.10675923906356,135.06695762184177
123.40035048658007,-93.40179678220699
-35.1897385834186,-131.7735282819532
-129.60873599843777,-106.25855126342002
56.4466447673251,49.60312901150127
-10.407538035875945,-108.3071581406255
10.136175184138807,54.96431214626804
-118.42799671957367,83.34314362347638
-101.79833214744679,-87.08316951316945
138.84098635593875,-107.39926904115657
-73.44282376566613,72.24248919295007
-73.74090805361911,-36.418917050817186
-42.685917727732175,-35.099586205267116
74.18885723709198,-39.68884009205307
-38.762427058689255,55.03846860911847
42.336277640093186,-140.12800276438173
75.46917756060338,-132.25580864259868
51.3032781196743,-82.9300469306066
-24.300239721400587,36.263623033375325
-103.91167247045234,85.96155235326799
-34.91579601053854,-146.26581265325868
-87.36569075312244,-129.50160190652986
36.40857126957428,-83.45841159232292
-42.490316398976034,-142.55432008050835
89.44425197459864,25.722523194926794
19.59212341296353,31.28291559327394
54.299552290267115,-114.47371055838298
-129.213942305222,11.725219580193283
-22.598404002404862,-139.0781695226646
113.18908757408133,-98.39471683202962
61.13187818368553,-101.29263886309477
53.04538948783937,6.349993391243487
-0.08419606853783534,143.33172689241212
149.10103367483657,-20.440011247195628
64.36905828548461,-35.45600289470538
-95.00608096777019,-133.71855599127923
-54.86152633997207,-55.18491530786092
141.89078605374942,-115.0130434740934
64.36441568713286,-86.51486298211913
-135.25891140649844,3.800187227664196
-64.8906939635047,-1.763928670498501
147.10176797293872,10.106353308041747
1.3711919287947012,67.8963555767761
126.18049253425164,70.56594344538556
122.25851442270135,31.03129763066829
-86.45992881409207,144.50821477910148
-54.94124879456609,57.046043026561904
145.11191485418942,69.00412012304983
-2.776685114929222,0.19392279739463447
-3.6429782354337306,140.8923945895154
83.60763571068483,-19.144380634092926
14.652917646552481,-13.179875033576366
-106.13603770309146,-69.1350027672591
133.31826351002735,-9.365975399124693
102.83528344298762,-47.510376786397245
71.71475360980702,67.57218997978285
-139.1413497490851,-117.28195271330642
68.28609176898462,-32.67678427180114
-69.58890505905175,127.52912640775679
37.659233648675325,-50.19795247905704
-67.52898352290539,-58.57680574172299
-123.11807991406937,18.83726453530889
-32.813739166379875,43.861269308178464
-96.24640745784356,139.42791250244693
116.66950670106797,-118.39153296711393
-1.977495847600295,-32.8588773267613
29.9828543418881,-66.69501310022056
12.119501717323601,-107.27888454246127
-65.4394484008963,59.635845975414725
115.11012299469667,-81.74631915498577
-123.18375631615245,-109.19593069013553
-68.95301735662939,16.603191551471696
98.57600560121892,82.9913155756557
48.90968561134636,-142.21911464104699
32.65089062454285,-116.93461924909984
-66.40507974727616,-48.90888447345277
126.53151116937744,132.25876599127764
-77.4434354813838,-55.8445940835404
-74.14945743337756,-110.42936273995353
121.94667458263933,-11.543398588123779
118.93918878047765,-113.34077878370783
-92.28399159127727,138.95705903579255
-32.39785236106191,-138.16489237548544
24.981191797149762,-76.25263307458219
113.55434057696795,62.09323195522569
-116.44973619985633,-135.39125149182982
-2.6261795247767736,93.95649422534035
6.649741724008777,-62.74390755806503
-47.47026613628604,130.0784291439312
-147.34726163726037,135.66614708921531
101.99842631600399,47.184863921862785
-130.72641780536313,-83.00652400252483
-122.84905410189619,148.40460693578166
-63.92361781564898,-21.176016912025233
-43.698721952560206,78.79758613848631
-45.3071682538515,24.501410038847894
73.85489112711133,81.25262128568232
-113.31411452634255,119.26147757871365
-74.80242368559324,120.74073910718153
-5.612544310803997,18.657398924080013
119.39515043117734,-1.1116924256543257
8.202572108078925,-125.5684227543628
25.70311428388524,76.85819208203154
-80.16555423543154,-61.206004724757676
-78.46015680156368,-149.2545749578418
41.59671402083495,-115.84795059742828
137.57330705323517,-77.59959870607092
125.03422902473358,-39.573700854307376
-33.654407201490116,58.49788778579574
-41.636229887623315,-147.92583875859071
107.20924035667366,-0.4080176163203362
129.25714905532504,-73.45345329916013
-135.71143200389488,-37.755440501673675
-135.17079226949065,-9.716345087884207
-3.634914861354133,90.01469595213356
-57.292476402151195,-119.12665289656618
-6.491058308420548,11.02809983503522
7.032206050235487,38.042286116243076
-51.834403845395144,12.130598981628339
-108.18290345302705,125.7809318922125
11.820664296940208,8.167569327559505
-104.91961525902846,-7.206885627353273
100.70309703195588,135.1825121112485
23.49361031399033,112.60127545271581
42.45121381146086,-98.14480470156553
55.756453577138615,29.94479826064091
92.91961066210735,124.29433370079221
-146.03466043132093,103.55165497602428
-13.00011095682936,-107.6659424197513
-140.9346750276675,-82.73134402589778
72.67014306384715,74.26217179935597
-42.23303302493406,-21.527576765964
-61.96704710773653,-136.77817387887552
121.49367624988872,-0.08828116190380797
103.0942846562231,146.2910626006775
-121.51968256878546,-95.34598055614421
-58.387922441970886,-66.21850634536565
99.01796443019441,128.52108172718607
67.71005128487718,-138.59740319380475
44.88903387956833,-101.04964188282531
-51.18566075115402,-100.95571016041382
-119.06961187136424,-43.66014339522515
122.2926149288885,26.771604219618723
100.39627953627678,-59.48801179176699
13.007923264119967,-11.771882716863445
77.5107390230587,-42.95145434867892
-84.24864044956425,41.852468913081
-43.056763959674186,-34.571530863245556
82.20956589778936,-103.6919802885609
-78.41163889295628,-85.06882942109544
78.89729985798522,-112.06112231018383
56.69850705180201,100.1367568726782
-49.25981437996792,-133.3673547615634
82.27244650013188,13.349195352506683
-109.3806573935708,-136.08782232963156
142.48818559846882,92.94264560460385
-144.75992404727577,126.32458426578074
70.81647012636455,56.22447697337961
-135.474013495097,-65.2965129090211
142.05852655059607,31.770189283160704
-113.43596765013162,-68.26304875013525
-38.94458183925184,126.55551015896259
28.95167493698429,0.7030922238207893
-56.566491778382755,38.38272060919121
-128.08225650659577,57.360801083358695
-14.396063018240852,-101.42704355485343
-79.84402504734662,-29.349219570139923
-42.93047402992451,-49.6094829951422
74.1341199319416,66.52457513035111
-109.40480624659729,116.64765419321145
114.28276275980312,13.882602122481899
19.617630278312845,13.864275063747783
-10.866966971677812,103.33970771393456
-134.5171257293596,-133.42125313447917
-113.77312310269951,-137.8818950749669
-61.81670775177551,-88.12310256906756
-116.64169597485599,76.09316965695271
112.94159720083144,105.4644738277945
-1.0288130180499024,-59.771542619201185
41.6086825896671,120.09364144271126
-134.7349951319367,-53.42820634992748
34.23925330233533,-65.14248741538056
-124.27930211188138,123.40449798940273
-70.8297236544147,-88.47124162274673
102.58967069943813,-100.713058581969
107.98724561097384,-84.3156233327368
87.59503867631057,-27.19874443902475
-42.56211345165252,37.14545033097113
-98.27174792396704,-62.3612590396549
109.37025120168073,141.95479960802191
-118.4773500688414,-55.58937194212436
-22.374802279936915,-115.98708268646907
26.874565237336327,-77.01981238332448
139.8237198140153,65.56837778975785
-94.8244592025366,19.470173688879896
-91.75935482332576,14.65056322320089
5.110606340301132,123.74283267523117
-93.56901179266262,86.21084581186747
-32.561566136262215,-116.40065648135538
-62.854497091947835,58.32742571522178
-46.19449389563623,-102.73768106899692
138.00062901645293,20.011151696809208
68.35071425545465,-82.53660679132196
137.43290325777042,35.293208388498925
22.248249068541213,81.4097221493214
131.44640317105677,-46.48517587058754
6.616237539911822,-83.35567982340912
145.16289521576817,37.139570546168386
139.71898466852207,-102.85123390879531
52.98860391555792,2.8883324103251766
-82.51450280498092,-8.175321201941074
82.32103183124099,128.42229738915302
111.65336523023456,-99.81309647477701
73.08045336619352,98.40300044395829
59.862266007388484,-12.326173000449245
-82.3333959549139,-138.05896035831543
-117.16199152859679,142.73110963058497
91.91809572818497,-123.65463700586045
81.37324385945828,-48.475477511154736
92.70414094913303,70.27925647707238
-76.95751374392627,52.52603768161302
-35.47621894484368,-90.78631772465079
94.34469976482632,108.68295902324058
-34.94571404681669,-87.64167255651529
78.82983647300986,105.99212186956038
-146.81226712885837,-15.905507020871056
34.49899804342965,-90.99539341716599
105.60187221508116,-5.331263370543951
27.244939407613657,72.00280823106195
-118.00025071805884,141.03873366148338
-25.378639632788122,-99.77606018496115
-141.0769564220959,-112.6540925454312
96.6873627366065,57.05782337173997
23.258405591664257,-25.76954249827905
-31.762726851286445,-36.53150158020209
-29.79287627432406,33.061943517749825
13.134949477218584,-42.57125672395958
-104.75189577363832,114.53559585604677
-138.89169141410815,-125.13970885810392
45.82815073195718,125.69704310370082
-49.57182941280264,148.38055532668943
-35.04388477746882,136.46225152945186
-59.67140596515186,-60.691750438973145
139.216688811317,-89.13422734912763
-91.86545658110246,-87.69667635802895
39.85066261864151,-132.13913166377205
-126.43666713622812,-107.6503515279389
-33.23628073034274,9.780742694517329
-46.92390120051866,-123.91956679884606
73.21622420068041,-13.610618436568444
-129.6054237016602,-131.82396774331846
11.26969478771727,10.762976543415533
123.23511590549447,51.93343973126824
-34.75705817071086,55.326455529645926
-27.345398965650205,22.255187079761157
138.94731327560936,137.88018164474897
-106.45494253540429,2.958377830026592
-34.838812900852176,-36.381015676456
22.537381906950372,25.7580033718655
-27.280521170633577,96.15747600556972
47.99599669029888,-130.44715389853874
19.11083201796481,66.10398673489124
87.94711021277811,67.1421220946583
12.431649159709991,96.33652053435671
19.99555003446696,-84.62710624418943
83.62344803584529,60.169019618898744
-47.2807048159363,-12.407882657620377
93.82336234746629,-64.88688123500133
65.93601772811616,-71.59122332758886
-144.9279809445256,-149.55815253019995
119.95419738363142,26.667242282722185
43.308657279640784,3.1291185414621907
53.11268776699228,-122.76269719410612
-4.769345190776477,1.6451149414559438
66.52017984553524,56.24795023464705
-11.072285743261318,118.07950156354093
74.60298596673351,-110.72134324072124
148.6616226998442,128.70944926061514
122.81138977931334,106.57645531312579
-20.245285695142144,-129.32091264985428
-64.62303582317499,31.288589941745556
42.29725203978296,-134.50087385405334
120.6265144263611,126.56035189246751
90.60822301147942,112.48298540091957
-65.71088973544634,-1.7254573170519336
-79.2000166270945,148.55890578653168
149.0171067928622,114.04699259527973
-118.85866745749826,54.66180034270823
-15.70895937760261,-73.55210329011327
127.94816805507128,-148.33013454752853
-10.141998396098131,-9.659022038666564
146.42455830760974,14.952248201578442
-106.29239635753746,-69.69918646761202
42.843060400914766,-5.72779462785752
-50.78149178125743,-80.0871416564825
10.5392745982966,-118.99311655018008
-69.74538414148104,136.36901049803282
143.5062350771433,8.650752311797191
135.8892592881022,60.110024025944284
-148.70585560978353,0.45064878018709464
-83.10593753384006,122.73015513726216
-22.139789746985755,121.03550403082642
132.44417277464646,14.772640806867884
45.05992388499371,30.683063513742923
15.39389044745829,103.85360757098556
34.48515768096661,-3.444654695119624
45.91761549516073,-121.96165183252839
-66.76047877836882,48.389137418280086
-118.91529220996452,63.389593498453735
-41.816597765507794,43.63601874208186
103.97736000715744,-147.2520397117115
-84.09509429012463,55.46625294843233
-2.1925765080432313,40.66427656763588
90.63183167382655,99.65208441893131
-4.194865586535684,-96.19083642833948
11.407796068766572,105.70027440535586
10.286248929379013,-146.46697054360607
-23.490655882873995,-9.910431135956003
14.125920366291894,41.1009528273261
12.493952296295959,108.61067361844914
-85.33680179280908,-118.86642114653752
-79.3561934619368,-30.44219046735934
-132.76037188598997,99.49630542872228
93.62484863524665,-36.84367102170589
131.13086266184985,65.4482166717739
140.6672183137199,-78.92607163818745
127.24856214003029,-2.547542494786228
-82.54479713027172,24.88581349826333
19.769026922207672,74.09540125843637
-143.85749962992648,-121.50598424405027
-4.151637704004941,-47.83521447468584
7.076744771848382,-5.937743235970316
-136.59325633607196,78.40568853691931
111.86381445057299,-31.081667177402736
-95.3760206809539,-126.25786414496365
-95.88530947433519,-33.24454311760819
131.33785095772726,-98.98132932501625
-136.31050591360707,117.62069491289628
70.35265317222127,-31.8976900124202
-8.980239042464092,-2.847543584870749
60.248860848486345,-91.04516420312623
-21.180033761510487,-129.45955040636815
-96.0824718059811,66.05581118358089
101.99085047883233,19.91305035868865
-17.731081744857903,-109.12492165770755
-84.52605868651463,-76.52957249134492
-69.43626483678223,-29.646275036582452
16.30173483270815,-42.12575236240667
116.90460270064199,33.67831119003347
-53.73812322943152,-85.63532597866748
-125.20144129568924,-109.78316756337895
-42.20167020631817,-66.7006300547317
32.94964257055966,-134.36551419549914
88.34332320375125,-6.593970197829492
-99.38453976628958,10.988458493323492
86.54047310907788,-120.99147902859609
-4.337440836151984,-141.98021513612193
115.44048366240321,139.88575976313388
-83.75562235723794,44.54774820021842
111.07078535606138,-148.6991634949224
-149.7571429784435,-76.77006152328427
-11.470213218738337,-50.80581173054492
70.04751761046586,-125.12581873706145
-5.325994583343402,-88.35395264169205
97.45869432430234,112.04339640743609
-35.5252131594645,-140.84570116742924
-77.26730933810303,5.8758649964060226
94.6554578747211,-76.55178760002414
-111.02782782710577,114.94878174470523
60.457417174293454,-120.31201155628744
135.52534457099625,40.92033108317486
39.09514679600835,-106.2526384314999
-76.36289723514172,-103.7127045687735
-148.69699560155428,-48.63280524818954
3.3900542149200987,-101.2210675307652
27.504767582152,-96.3746971406196
126.05742752278309,86.56443984409299
-87.84259637944223,-110.0404614305723
-46.4259395496086,69.37031726033806
20.579431223499142,77.4999189686722
93.42336315196755,138.43379554616484
-18.825470015841063,45.6066239251719
-21.814219477334092,-95.56986322073271
136.48010129819613,54.59766914371795
10.274063972882516,-122.83580479318861
16.476383985102416,124.02797181730551
142.5088029687006,71.78658032994505
-44.863497761131825,-93.0368267390096
146.3966695891571,-36.055718449704486
-43.603567884289134,23.599770927640606
-87.00064675176466,81.4643210409136
136.5301243743059,17.97442492632959
-106.32838983622507,-82.28522591088895
27.485294075417812,-130.22005025170054
-98.4764034174834,130.85509745457017
13.087413117483266,41.8594042986233
-127.11408959413646,-89.34409889461341
137.95350355312814,55.23615762412655
-33.20697525920863,-105.92533955211022
-1.7877986287206795,-109.76637701597558
67.34152386174404,66.05553204920429
-11.276723403521373,-143.10627992384275
-120.07885436802185,-7.915183366812528
-50.88148133975422,-18.576706848581438
42.388805253597155,3.9965413150395364
-98.53166001864048,-67.72745513257911
59.10580385340842,-127.06643713868881
84.14595155055102,-4.85373596258998
57.90088910704375,6.117026350645148
8.544200244385593,-51.84300590333986
-91.69432199751603,-14.585047062512245
-45.654007560745356,-105.8623569842911
65.75027830541649,-145.90022471232294
22.01983555210427,-91.30729905534767
78.79725307224652,-16.35627004412268
108.47016531556619,102.71810671571922
-22.82181526145237,-90.42771603760409
36.35352005097769,83.66596704037934
-43.95129242136659,20.61496230034379
80.90011501480245,143.19696190269826
53.223782985850136,-110.04320775953977
-82.99861475195591,77.68651366890728
107.35778064271199,-35.009116163649935
133.73770798721677,-111.40725829572247
-101.18458676477067,37.701725265044814
129.6906032509567,114.63656261305442
55.78111085030676,-14.923379365865884
50.155669212338154,-91.41463344379041
136.53728644149817,-67.48512330705142
122.79816066154348,-146.47018856148952
31.885986405781978,-75.79447056123958
13.909420354961668,-82.46244482524027
33.54088592029234,81.53333030252466
-143.52543886304835,-55.83851647318991
138.72096623375938,-144.84509342306004
-103.45702402588539,14.341412446266276
-142.68794449253988,-0.8292935054980148
112.15487515910314,109.23794436868639
100.16453358135303,57.36768365707351
80.0744370914752,-71.21536720519484
-42.77818813908205,129.48194949164463
-119.26363468564224,-63.968975914189826
110.02466265960271,-42.78073333431712
-131.53252366110317,-2.7209519243075135
93.34136251562089,89.47875923317582
44.44708980689771,-37.46808071975293
30.210088116627844,-11.171790258998271
5.501993462813658,148.67237548024065
52.88360320671856,76.07103037721726
139.7033839466177,60.83599217066012
-26.985430890605627,-106.29724925725353
123.86618311291159,-131.00664628340115
85.00526365900049,-63.776596863690116
-33.89539887606634,71.64004610187777
-117.10667971946572,107.49175359848289
-137.38135770648623,78.65764804679304
-16.748777247270624,122.3085050019356
-87.90046198567933,-85.73272138585023
30.440802426299797,13.519773423871243
67.83807169592038,-42.349147300825166
-64.29206199989991,-129.72740539898666
-69.58416228018062,-143.1047189123898
-5.819506200802721,-141.58761249017607
-48.25214100136887,148.8862938828389
-56.254979736150005,-106.22834953667905
6.8958052481035,-76.51082889146564
-42.14534388519681,89.24669822130309
-127.51115742554289,-99.2140657112474
148.77705106463765,-90.72235182498284
-136.92897387827628,-125.21704174354457
-18.626099235862966,16.67744486048167
45.4752348230912,102.7222642851078
137.5312192448851,-116.37986741436613
53.51288306281259,54.99440643731381
-50.43617630935363,-64.75794262921919
-43.72232984136578,106.61689674187744
44.216287301649146,-25.400509953139178
26.84239760599914,-51.62308074419526
122.03407666068779,125.24852520782912
-3.844009856061035,-77.44679822749377
30.076558166540053,58.56764744150894
105.91948774892171,4.540879285067177
-114.27053094030373,141.8208720559772
124.45741161818711,-7.88472991467043
71.17293425362351,-137.83002913269456
76.64665772253619,42.30217247562996
90.21827170539652,-92.007838357203
38.79663846496939,-69.19919058976363
-37.27311111465056,-94.44952279577136
-93.87091266331856,-0.5272156558988002
138.96420790515828,-116.75937966534173
75.30571512902091,143.93715363676858
-84.60870076006397,128.9631582487611
38.40564542090448,-12.949803720735844
117.80526648222309,-8.65178509333353
-149.1537609399867,62.96694537183549
63.11323741160243,148.27289825416096
89.00672648756813,133.59362010200965
35.24645053150769,-49.25042170569807
-55.411726298278126,111.70644119419529
28.814929717986587,73.62263384685735
-0.03522312115546811,87.54105154262999
-58.14843825026159,-97.03689241042977
-38.08370196049219,137.5525467550703
57.04411455265074,-48.57641326315138
1.1893911547097957,-105.52404421406521
-53.231444076901326,34.3123370244262
-46.58031566318313,0.13760241301460496
74.37140498191448,93.32147801875377
123.178398675062,-26.469135323027587
49.07884297282578,4.89438226919475
95.12907658276018,-81.29202519732195
-58.96661150953932,71.36549509248579
-1.9925799596882428,-62.135972117093075
-61.369613566425656,-32.209792039330665
97.01317073580759,100.43627304636962
67.62015460372513,1.5460267573254214
-63.22585503422009,105.64394148171664
-114.24214860267077,3.69486075427767
97.42094452242267,-105.40263760821276
7.123123450113923,-6.715318728115108
-49.904962090342124,-136.90464047494714
-103.05997832368374,-122.97178325990245
136.04320275236728,28.04931954769691
24.683049182686688,-93.78572311372525
20.982550378106026,-139.0543086792931
124.59537017017357,20.82391574467772
110.40636595100761,126.68598135837158
24.284556774960265,-58.58635738874462
66.97791038407124,-121.66075098235044
-15.47957221456602,51.59051838130799
79.16964859984873,-24.30014143876032
-143.3052492837059,92.29848000107424
40.78861548709489,-17.30576088770954
131.18185515461766,146.89921184253643
83.6117909607791,143.63334822942448
102.7629813304265,57.16420088143346
3.578515977117746,-6.8605336172904
7.561723963294298,121.6313586892436
-125.93877734220945,56.87247553027473
99.87502828593622,-85.6790201310225
33.13368930021102,115.21355028502308
-142.4280806589733,55.209395318252206
52.026284643016,-147.1719127113186
-70.72956155611197,85.01446368548463
58.275699263183014,-43.34591554622969
50.4850213665334,-92.57072729466559
-72.87354856328216,2.3275815198578016
-91.22190720299974,98.07592298820478
63.12268420159896,148.5837907578396
18.6183780284305,-28.197664824444928
-97.42132061054305,100.57451198316943
-109.32231077251875,147.01677603708902
-44.063355284434536,2.0704072851529816
-63.87163307267811,-128.45624658401945
-92.56899973520687,-66.3314274411992
99.21989067364774,-2.764067655360634
131.52789618180117,134.55760881616465
-51.173811251138474,-60.04870718611687
-27.290133196053347,133.7945759232618
21.091170888028415,113.40275534489723
109.66431557129874,28.539068620614785
58.07235083425019,-67.90525225972526
90.29856140260654,90.22806012868057
-141.28664417897937,87.12439843295286
-79.8513418531771,-115.17594114618709
48.177008559859445,-96.80467655963267
-58.02842272898097,-90.26422377105966
-98.60274453210064,42.03164853777375
64.13721900304219,27.56445674552498
-6.2062545964332685,-39.20449498527198
3.322153073430684,-17.05367867589672
-102.82094509682943,74.50765158855552
85.23704400609739,135.45538792356143
-141.32407066611404,-120.03561344641257
145.33671148847634,61.876766087987704
-40.65464546407944,82.0975699457332
-86.07732072994253,-8.63940726770116
-100.7604786264076,-26.16534010170804
117.83223859269731,-114.53101628168952
-11.741916405684407,70.0695784957033
114.3279955378427,-36.49207579910872
-21.841982494569322,-91.19776931174883
44.16658641585306,-65.66527047385658
-89.84307213345532,-87.5164383142037
-143.03348574741878,116.33178143920406
11.966152914213467,-111.04908746503497
114.18497379679474,-60.65254962757298
33.541169211485,78.01482786773721
91.02145214642806,142.83703838205582
-18.806439724620105,24.634972755407233
56.36923083343845,86.51270747188991
-53.22479926263894,0.2945920704333673
44.35337511618778,-145.93215402256055
-91.00812502349189,62.32704725944404
40.45058629161099,-24.02672343975553
-74.73030913947892,97.19770398748386
59.09736448714497,-135.1606813364139
107.64136654766759,-105.27350272968712
64.16574274122749,138.67394212373335
-96.22951002271247,91.47569179870803
13.270554592969916,-70.22244132160847
-0.1890446946748341,149.54209350820486
-12.71735278729912,94.61465890136256
140.15673775615033,34.36568952412364
-0.5043763047186189,4.895446432988848
-43.17123380501006,90.58562687615051
59.64933224084382,15.512587547330526
-68.1718002385359,38.265013743129856
-124.0359651034758,16.476753337988015
-89.21878100846789,-24.62925136473534
106.58898046732833,-16.725716286324683
148.0577634127369,-98.24473082761808
20.554118455475816,-12.038698127586514
71.33780083178596,15.93578184250535
36.786557791731866,-43.929872835675084
-127.68897028423038,-115.80408476783154
109.76940929442162,-70.40001872719188
67.70407646495184,-98.22734584361393
128.54289097783044,4.823105954856146
-143.68788948360032,-123.15291655368705
-100.45017821489131,25.964490192148645
-7.032075730002248,94.64136897821942
-53.28300219289548,-34.192240939561074
2.108947121600835,66.93439674105045
75.2670289744587,-30.47363813741893
66.7806464729465,-143.98274905955705
-94.61293252104227,105.50161038958709
49.96226193635718,61.48196825651709
-136.1808237001466,34.59009813218026
144.89652783327585,137.47112524980213
-51.57322291566513,-134.25769973712795
140.357505871713,89.7428028523984
49.78568842666826,-5.0317997299029
-126.96402170556641,21.53097534660853
-67.67197183469656,67.05938789428225
-137.3494529796463,-29.002577927997237
31.02813408855252,-70.02353704145222
-87.43612042815286,6.655232124152633
-114.30742329904515,139.70674132327287
-67.57886947658291,-60.360042593694146
-22.773589750024854,91.63950950361883
7.479647584321583,-2.2303558658722977
35.71881407173163,-121.53662850596642
104.67077704243096,-111.16174027175445
75.59720169010393,90.48611994155726
-47.28288715493005,62.744149542585006
57.52474819965758,125.27301874605968
127.49008635883581,-37.943397715341504
121.08447306505144,83.3650899053628
-115.98870353331938,-27.897798007265834
21.689219270782274,22.472495329196988
-109.11121388264331,84.8028455578561
86.47529765947493,43.465826578047086
70.85316920816257,115.25590939549636
18.463765070174304,-97.63924761341548
108.83010639416631,40.10727308174387
92.9096506361067,-11.2057182494747
116.88033472056168,82.28926041681177
-120.30405825870585,-76.44429672180513
-25.307457308346784,104.02271332262009
-6.272024413709602,-107.12727278792995
-27.61961650722789,77.08015387168794
-19.771864620344076,32.810671647077044
31.94341564678902,108.2452071092709
-59.27775270987871,-96.0044466101873
69.11868882177475,2.788657798902932
-71.2506462873995,-146.3283848558829
-79.09190027792137,148.8280725992102
-10.449203695010738,-126.45234999416652
9.286577159395819,-41.05854584659215
-2.358325793733684,38.10617759073111
-16.468418948249564,-37.12253955549157
70.96126419414102,119.53467755624177
75.07903788943375,-141.27183970771316
-99.65413294080194,-144.95842512987937
106.76585271233563,-49.257470190462854
-132.46982504929747,85.06503646724406
63.83240041802702,-77.66229979907152
-148.16055021498806,-8.525705559876485
-116.31108712852078,149.08514752564116
50.36803142662703,-89.6835724019179
-119.27745200291426,138.7999988817976
58.99345673302116,49.61158741006159
-87.31711192128003,-124.41457560175377
-55.428730662746716,-11.388201157116953
112.33203358928148,-6.428184034094329
37.85913348033381,-53.710623732395376
-139.61067703665864,5.940916286575629
-128.63024633162507,6.778338531043346
44.315696886831915,111.58484043534344
35.44314001367914,22.763792561869252
-42.32429506737779,74.47705488542985
-48.84684229372439,-18.40584279564044
43.305609972291876,-101.2823272670598
-77.21121148815435,-142.57496202541037
-89.0247919475332,-144.0920461157649
-63.0927087246523,-37.49305915226108
7.048575043656399,-24.812587834907035
-131.41340078905847,-68.73679971874675
38.851856122122655,146.8037943830974
-113.60474716441747,-114.98364747312104
61.660355390722145,118.32398369937835
-125.02461885723913,103.55898417247181
119.7948940160502,-48.85511810018561
-89.20874741239686,-53.06281396623801
-1.6581255452064454,94.38639900335136
132.4737086409533,35.007554998761236
-92.4509765377114,-74.73532028370579
-34.775639126123195,-18.478553095106776
9.613292060212899,21.657878896783757
89.03422541477778,-105.42130681200192
-115.92736564197406,51.52116706681235
-110.37616983285925,-11.808308943022155
-45.949435061566206,-102.97915428072477
-93.85478529219702,23.3083200829727
-109.30193023387012,66.62744755239362
24.735498133732534,-63.89955212150386
0.8931120358019768,86.25537676009216
44.610203976265296,84.53780482856152
39.874037951437515,124.36039415539614
-73.64255531882378,74.76815422875327
-121.47217439492925,65.17047684301389
26.22683988775165,70.10718719655165
27.438956276968298,-97.52052470373884
33.08618747318798,144.44519883957736
80.01418342973537,78.98250663905864
121.39531156906014,-55.17139761102253
96.6248472281759,40.459985587953696
-103.19928495692238,-102.18131564606932
126.79824989607181,-135.07200173893722
-29.298013343402843,-99.27508648328732
-147.65407700424348,-39.33683013900564
53.472536830546744,-73.96233726853212
-73.34314142911703,112.36353208511446
4.023656673227691,13.333178080444583
-106.28010601270104,-133.94077848670463
109.41750512244937,137.28850204321805
-115.06277167046503,135.8943721755519
-139.52178308596018,133.83772594537902
22.205313498109604,31.701813855553752
114.49870954143546,136.54124038124013
-38.7486081394342,-125.47390903467092
43.52816792349395,-107.54802455350526
78.37862691197697,86.11396346207616
142.56220658787828,78.78657429741025
112.6931115593589,-36.94308240467427
-61.13314716049331,-42.54036249031877
140.93018121182257,26.494133642188302
-91.85004921933738,-117.69428669347951
-123.19827363133523,-130.78378775428388
-137.010058882651,-59.70957155063377
83.37673567230343,15.983725348766257
100.472721996454,148.24670709222266
34.56749131521494,-69.04524406255199
-23.676775311583697,47.359838582580835
88.58524463784451,44.104901299132734
106.31355689993654,146.2828028081106
135.9829644825748,124.04427560562806
127.18813091131017,147.8319377836076
-43.816012925294416,-34.50230052383975
-87.0460655646065,-128.4047046520473
140.3792701692737,102.62330493486596
104.90559474739447,39.23508486799392
-33.3656974952149,88.20495770234413
30.74106126702145,-48.311791719056856
-30.020173973591696,49.926103249323916
-99.59070580223641,59.00716877519852
-59.694388785738454,-36.540287448449746
-16.24721952640286,-95.35226108709381
20.06742871347791,56.521430393798084
68.40553918994485,-126.67235743047064
63.482663596098575,66.2881346310048
131.4210705996257,-112.58477185156362
57.1327319405371,-35.51901982525885
51.060880073207045,146.05751801276858
-41.984614503363986,-123.64678712871269
-36.739930507925024,-103.43108869581326
-9.430304496344519,-128.7878968630768
-98.37684454356541,-81.71217853834898
-23.336990124791583,73.1327904347925
-26.39104546699494,-142.78931580842573
6.998490923749046,14.496567124795035
-56.74946676114743,-140.66570270809095
-9.585384953512317,55.90588336379909
112.7263348782169,-52.35285746965572
-32.649637850390974,109.14109077994578
76.71516319880274,-46.80994376443044
84.20033886387645,39.09533503423765
7.5527329800003145,-76.25575757849849
87.94657099392808,76.51707791662795
135.49634354976303,55.00093795082813
-91.12746095050034,69.62973603188999
62.3415544364411,103.34315571940786
115.43960202710076,123.96009716989613
138.99362165473468,124.53511778722356
-27.798436479525577,-126.237349895828
-94.0441010942459,-109.7478875853031
-31.838894969138508,2.9741461318005236
139.88740372578008,140.9960943341107
-143.42103386328762,-51.72815431138039
99.69472013450218,-0.05050549799568671
45.42677559295802,38.49229925322166
101.90771206951314,22.47816298806319
-88.30984998943143,-44.632386455457166
133.9977300661123,-115.91332500907919
-112.98198427974509,-57.172003759133815
-102.5268882978315,-54.17304980823849
9.253863980221354,-102.89590212552271
-141.02406290106643,22.368612994970846
130.27301130616792,31.78790060338295
25.109604156812424,43.59591476322046
136.9234296097141,144.48415230966128
115.1609591756781,-13.546385280790247
-15.660163864483366,-76.04860567161373
119.39199637726051,129.77342566317094
-119.88886236123183,-47.84459092141449
-71.51908160411504,-53.111015812666324
-10.370419960395338,-72.3367459157502
-24.420321791925645,-68.60552305158461
110.67619982499326,-43.79595576067244
78.5460045253487,-100.97870176824557
-57.62614492306753,-98.66181740426154
110.0245031813854,-116.221866275342
-114.21049725498597,-22.088004928684015
-79.94994842353759,86.92118573478365
-27.034872897612544,128.96188037778256
39.654454907223624,-142.6834178397683
-5.410948454302712,-129.9502828311013
-84.78816746837072,65.01623731219271
-96.6643820635465,89.09981590839308
11.570618275946089,-149.90957053824704
-13.334818853659328,142.48613101453952
132.1460041415728,-31.861398589587566
38.700550596884,144.76123565896904
56.50339115826924,51.7426232335728
-57.8207895118348,-31.799320241225033
-147.49928543900643,-138.80428871367133
-68.55934654433587,72.28314758268232
-19.81710684734884,-50.390081226595825
-28.39686981081691,28.083640288789525
-132.58194427380812,-45.905127199494544
-89.39908998541652,-112.16281196905896
21.612301846598,-51.22990109426338
-21.69402153592111,-65.97118370117174
-47.788543742326254,-43.45093506635959
48.41065058783411,148.33374312054542
-115.91253554093993,101.3728443115379
-146.65140512257605,101.17293333651921
-30.28077386204501,-116.96812017192474
-77.65097699139183,-35.40442289243819
38.404488711844294,-1.451295217601114
68.6180324745259,-23.18855813299575
139.10195120471724,91.2856602707329
-59.89857324534718,-15.551230177874913
146.4034667162636,-65.7462366550189
-123.98886030323396,64.60139948561871
-96.55363016450315,-67.53711480294045
-100.83798985431727,144.77950269987474
67.18955452379618,130.50272424461747
47.9582910789602,-14.257145774309066
63.73477793236583,95.062623811305
101.8832974029697,90.59135501178199
14.22622715166159,84.73644734117383
1.5899067392146264,22.73519265613777
87.40359547230909,-144.3634107550574
-112.6446066431072,-117.68935576246275
67.52082620678163,-99.25123718597446
-94.91848916171841,66.77425387781369
-143.68023067167556,148.59536318468895
5.088969888383076,-126.7725243983598
77.23715020648203,-128.02119534830337
-116.00179201144172,90.87780058202011
94.80863572691896,80.88625350254674
76.8427261590426,-33.30847752741519
-71.31224807934329,-49.37783415585277
147.18866760347015,21.088729897527884
65.24332473691092,91.5284918687363
70.66000884617125,-110.0426069980585
51.01916554842691,-13.127066520908784
-88.74253587918895,-8.829211174318573
-11.841662885599703,81.10291512076807
125.53198518807261,33.13700462808242
-18.041388441722063,-102.35025001614251
-78.92543056130808,-101.6789658634105
55.84246979748082,79.57584258984863
13.30137973655971,9.377401122669028
-21.93565323963267,-95.2707549495951
138.8550179453532,-143.05051680318522
-82.02353064655534,127.03233824131883
-136.93419233476888,-62.30891114281255
40.44935060004093,68.23719429514898
43.18548589124467,132.62906289865487
115.6699238038633,103.04303096742476
86.39387658787169,-46.14874939021152
130.92554420693574,-43.65637122380123
-19.206088782216995,-89.98135073266144
-72.69875980140583,-129.64101949650583
143.0130284154472,44.19382886760414
116.20486950294952,24.65248806529752
-28.503839562502193,58.69673281386176
-0.9234495710134354,-40.65852289438749
-29.491966209639514,93.15146951734204
-31.051876687664887,144.9370613410333
120.25734586374455,-138.19903057136884
-59.38320808099607,104.90910178105318
85.57025621007259,-27.742627513674307
-75.35484540447482,-141.67859808056141
-66.83362995313577,-90.75499261611509
-88.38506777924351,55.646786520228915
-82.2664363941664,-146.356638134497
103.35028528238678,-147.11292833785203
-12.243633842736841,-64.49380344632918
-61.16869045813321,-85.19645164320825
90.9828882824126,141.16079666986752
108.9877797158739,53.22480765074269
-82.37193270345017,96.38418407512674
95.7702453256797,66.57314840277846
56.068007789663824,-19.242978379632774
-13.053512478542018,-118.96947586779012
-12.239798240501074,147.7751560461399
94.80907753802725,69.29965121743496
-58.18160528002623,49.22321231629414
9.972948819835267,-114.39212549866173
-96.45017964200125,148.57688096356674
-8.462430525579123,133.91872951073304
-60.92458983685917,88.53922272336445
23.89039017961221,24.457624402364587
71.53490675474447,-92.38222020870727
-0.8047478506325376,-119.0222559798574
28.843522483758903,-8.437571394050536
-77.15948884035116,-30.804013204159602
-144.3933705959231,-147.4453451466916
88.76011129478363,-108.64243975393313
-28.09989263301074,-10.418414640022746
-122.8920295048356,83.1260967843921
12.947400793817678,16.918909324279355
-79.94567031257793,-86.26350040611312
-110.71386268942435,22.76848944454261
-62.88362757665131,-82.48724184081833
-3.789153404126637,64.1319499115985
-139.08895032799936,-115.80554162879965
126.02907639884938,18.436816818395357
40.896470949056976,-28.814754445651502
70.54153478940529,-52.35767128973325
-11.982029737664448,121.1506782009613
100.45861655213074,59.7707710687873
-33.30900617053584,-41.26485807238129
-86.78511873464825,-24.932303055226583
73.60597117753917,85.38393157544195
44.90377348725369,-49.31559828805959
104.82798813976333,122.27756247156901
-34.2200666698934,-18.505047142608248
28.911448656128243,77.99248666735537
17.462596307552616,-148.69086847803553
-65.12031101835835,-95.6985303397669
-81.61900420081629,1.7982978808712176
-3.4982302354033834,-37.80710886689778
21.388188249708747,-39.133211804279256
-92.72949524479252,-39.42833513901985
-143.16315920311243,48.0910712500405
60.48515316601424,141.432348119802
-112.92075571358237,42.50708952263474
91.76722074858702,-37.5957802868826
28.475438703870054,25.231681019496733
78.62470972185963,-111.1325508520927
-79.5944353814971,140.46634941121107
31.749998533541202,115.30395072527688
-133.34543819045916,-111.94552592418549
-42.999063617648574,-127.35037456269879
145.10566514019928,-59.43685376176421
76.46382375565798,129.92773397504345
-126.46530711388058,131.44957256668
-126.67446612609892,-73.9640460376477
109.9974303682921,-136.96424770952694
69.58628247204516,-86.62232391597215
-1.8427595826646836,128.79761531002907
-89.00663792176019,-18.27577641022293
-8.389832821162742,84.53438171275224
-63.358827151617334,-91.18322648002777
-52.71525680668027,27.748992248668117
-7.60332025040131,-23.028058728493747
68.55808264453256,-50.60772803152376
124.32006110439977,137.7858162971287
21.33802728470016,-141.32046020163222
1.5800074465580565,-69.51408498146124
-47.424516870933815,-91.06555646796286
-53.10638777964259,26.810673692334802
34.27640907847211,124.00733997933071
-36.79461595142753,-47.17851673363283
-102.2164413066985,-42.33659275064721
133.57507319160896,-55.210941679200005
61.04727165306184,-128.69486808902278
6.125503993975457,-38.040269909179244
2.8415644656138,-27.128940819123898
124.91099524281628,106.78233606034007
-100.38144532539613,47.50816797701552
-15.571673877658327,-31.583325822393874
-115.60957594356026,-147.86814886331973
-45.34523784412417,-57.13045128363376
92.7296412821787,-128.2738526127916
145.1276636834226,14.060043617634278
43.1294818049642,-39.989204501558575
69.01476717575665,-72.79743715660554
-81.9734328482966,98.80017554607471
0.004403282018699883,-133.9036303648289
-68.63645169095342,-25.824824255917633
67.63627140629816,143.28729782589784
10.54332926287006,-132.8112192458528
0.9131364972698179,85.17205293757036
-37.29915398430495,-13.121998371500297
112.4487188055819,-144.87939782855997
54.68012682061661,-13.515302059150969
49.69121814801423,-115.40889880780759
143.6496499626483,-98.68563670605548
-30.17466715752063,-19.503998818553868
149.73738746304264,-38.501057058084584
2.9504710113816657,-128.53551716436087
-121.86487028266706,36.141534157574284
127.89413828768,110.83614274610528
112.51802074033384,-142.21590504530138
107.87363142393627,38.005435895338195
-17.715679535030517,-91.6345496120409
-93.00189603618108,117.85432671502963
-125.4421313812933,22.677570778273605
-137.37770281235788,34.133168305808454
43.899468618313165,35.775021934300526
-99.24196016887583,-1.5939446463430045
-17.869898828995986,37.69770497542822
110.21165793892669,-85.17608343489094
74.85650599616409,118.18789631855861
-30.674623208705484,29.901483949652686
26.938032768667142,-112.67511015949444
15.402671260986239,-24.303021439730998
-104.01143876106316,43.586182233587124
-12.621014065123461,-114.60688802145287
-64.75372755208832,45.74324241982015
34.49195798057332,-58.321409181081236
-142.80615214452519,57.070444072676
52.08423055902378,-139.06694154097966
138.60374360139366,-55.54206570791344
17.215098975258996,53.56412377559951
23.897072054367726,-29.661150512317576
-67.45250330946058,-146.53351117910782
47.418051258735545,-76.65454261889187
-23.48803532295659,60.7405666909676
-61.53095340789882,-122.71710184629433
128.0519666640859,66.34944855370873
-133.28465227125434,-132.52174511202188
33.57218787383525,-45.77265129707227
-26.859838583209168,-35.461037781049924
116.16279964406743,-28.877220701458
-110.43647885082832,-84.4436277086993
-134.57306338261006,137.56118040202085
24.704427148859168,-62.4058570491878
-143.03093107335036,104.90947677506722
13.291360096545844,118.63365648017225
-138.49853068780203,112.12306334182517
52.80366571956969,28.76858044601144
27.93394423099039,131.35836600113572
138.6284565279342,26.978159120214258
-104.87480807462222,-34.062271580101665
144.9149056851001,29.95345882900091
-25.564204410863184,-22.572718745724558
-18.277933811047944,81.23559207352375
11.913676130428144,18.89611877145572
47.89924893977201,99.14264922585849
120.732135800349,121.52263770073097
125.70929074109063,-44.376995845151455
-69.04943079479744,-94.86947675520139
-120.93521022229481,-0.5331636946999367
-127.80110781621883,-36.505144886864855
54.28608158776038,-108.07290643820232
-102.4203569947132,103.28989954056789
-129.26590518273133,-148.22729370078272
-107.874832523013,9.16188601747902
-51.77394116590126,106.04018072505119
112.28321199288087,-13.321485844085288
-81.51604693226513,126.92422854231643
18.415122417683904,-142.53821349024386
-109.68418748735238,125.68074273432399
-91.42340681979739,-38.041995737618336
-22.469539265517795,-25.83766100856812
-20.01807240896258,-48.133260173377494
-120.87789656181178,-126.00741529828575
-59.14656556567098,80.11048084592949
8.845478558899913,-63.82812847219141
12.632119801246404,-39.298387486885304
-89.0317469152146,39.56920325851485
-27.9372623106847,-118.59947685134372
2.768165849309156,57.337184480879245
55.899631576314846,-32.37344810460647
-53.705057038158074,-88.88682558480696
-56.10018062311458,79.01896307243476
144.4633293826152,46.69433357015507
103.37390590883092,45.282078330480545
38.32498098255948,-1.7591329639790843
-133.99380252894838,-71.67520640135137
142.76535886432356,14.787429282465382
-127.70299034117454,3.3864453603561913
7.5255325896684155,122.83258383218799
-51.40639647952385,140.39564229354693
49.38781392260975,115.91305689183878
-112.85178088803636,40.02645023791868
-131.45163011836883,60.274093539267284
35.634108195150134,145.4280357276993
28.019131920853255,-130.87260152913197
105.63808773618558,-58.498552545473814
112.01879050945655,-91.10472479492367
-79.58544728904556,-28.674451544367926
-87.72336370347985,0.3938759888323773
0.49659436046155747,-98.8199051977796
-132.6352530979149,46.86125024741585
-69.4367041582695,-111.48349563232262
-52.79427388438029,105.03885605038036
-2.701412166551677,-61.663083480476786
-92.69471972229007,44.293922404771706
2.4906248172167125,-66.52877019691633
57.479008820316494,-7.6169821182296005
140.7509321031278,147.09643834146505
1.595684263952677,52.34631474857375
-144.82926580590532,-58.072469073004214
-57.47118844672006,2.6415477876995226
97.33013804057768,-74.65204119274956
115.17691110062998,-60.45189189588986
144.20681941178145,-124.65128466241957
140.2509081611775,66.41471602062137
39.24430695842594,88.69359428129965
89.28227511009325,-9.6235587492462
-136.19422211256912,-21.895193848571438
-66.31038002129446,140.13589590582762
132.16762408369175,37.04128856132331
-13.975533746840739,134.21300099403146
141.75370552959419,37.69318736191374
-47.851226967395405,-12.440615189590176
-111.23374168060755,-52.316199832249154
45.72908254011992,84.11942748201241
30.094990395212278,-21.155000013744143
13.308759072104635,95.00373459749883
48.977375340950346,127.54338869019466
-25.87184554718492,41.782962603553074
68.62731752416289,139.7874259975564
-20.43493301771383,-90.9642520690169
-80.4289901914885,100.78412189354583
2.8910526214072547,82.0050483856603
-0.24344320679952602,-75.88667384915858
93.13230490316533,28.52100219271395
34.67713980280976,90.25237245478229
-102.45549315898958,79.20793570021223
-96.18643567988954,57.834909856373656
105.66733220898124,-114.30083125218789
-72.62788866986057,87.9295033108119
70.43866602162424,-45.482753605026716
-147.47625536733486,-103.9968816503658
19.486242720007084,45.309034062198265
28.608151406468465,141.60395969553633
-132.9808354413817,-40.900544776684825
-54.07196870440707,119.87714987180033
115.65163508019884,99.37780617398994
-129.8711571878852,-72.96905815319158
-34.66304232289096,-81.854153449553
-58.269767729603856,10.647708338229677
-114.89613016732919,106.97647146420138
-26.364715781991862,42.53287708011709
-118.33820492186935,87.95583123240618
-49.19036506690445,-8.919164076759955
-12.311188388107865,122.413568070412
6.666173247216733,129.34994094584675
102.75669741286922,117.86350202512665
94.98636782693853,-94.89324388559399
-39.74221682363758,110.88708369718398
-86.29679925059324,96.9025822074104
48.787334011312765,-130.23574622275117
-39.91943551142931,102.19699284899377
-112.4672269097922,22.498479417220494
-89.89303154042248,-50.29244979486636
31.060056383600028,-102.89101844439115
12.190079111082667,-18.30228235384328
-112.13026324380323,149.6397673928384
66.60153891885824,17.95765074404028
40.93080066817649,-63.25741604791989
111.54779935853117,89.96806754112293
93.7209624634734,107.81877345839757
3.9660348281617814,-116.13238853161816
-27.90802306600952,-16.214169384065514
110.92680589591367,47.011071558348334
-124.57853128990362,-0.9051294835705619
-132.6516565294855,-124.68233311492469
-1.3718522674008966,-13.45529675972739
13.160591383622858,-33.54794583251456
112.91321968037141,90.16188173346697
71.18178828927458,-5.347170598080112
-112.49655844700584,-8.651637718845876
60.32610004966571,107.26388551156288
-28.686173253977074,-93.64071695721464
-61.1875378655504,-109.6516769219136
98.10815430228834,73.50875318687784
113.11928003177366,95.16794045411675
-57.027556396856085,-123.70029986379599
-145.23306675508454,12.83388245504662
140.9460123923364,132.38462849306103
23.242480184510242,-37.76812706246045
-15.919572663255678,-19.748498982075773
116.9191678392989,93.9180213768102
126.00888362065632,70.37050540655719
100.17530330690809,-103.03086718553679
56.19810605163033,-120.09251318374162
-15.99912937608704,51.195889624938985
-105.64755776482093,-120.77681982795218
-100.48695309193967,-109.21125389075613
-61.47614028379921,47.36941678335816
89.98887181132608,-126.83741090532516
18.65201129217229,79.03420776993738
-121.83896347116311,-130.66051566773652
-110.90959777817336,-73.06276832303818
96.57055757569921,102.30713173578175
-13.868974010016927,-77.04478649667895
-80.4794024145118,-45.49452304343211
34.264885839850876,-59.31150462163008
-59.72821064698749,90.60342611103633
133.6302691486295,42.47435880073846
88.91195107883584,-72.55266469896712
83.30009567343157,-48.64697907740903
130.88331687900114,-52.1820258387891
-96.80900870723303,-9.493064066760326
-97.07408110891588,110.74175222809669
-80.6051673895938,-89.31169640847679
-6.62149667357744,-41.19084142784406
18.46365734484945,12.703617611698832
41.60968514475803,21.373727185290534
51.82636790111616,52.58292335321474
109.04009666498229,-30.762836697597635
128.56204069672935,-79.75813169552099
124.99463567687667,-54.97512078866801
13.322051668559453,-93.24448632891608
-50.86344122775628,16.520707171665066
-64.52350677963537,-109.79393124376509
-103.76341556458266,-96.09837164664869
42.07085520942289,110.6081694880117
-67.26566379474022,-70.37971776769841
142.56320085426455,131.15857057048282
-86.00692635373582,-97.33579305756409
-42.71276735460367,137.12703722650832
-69.15602321355716,-124.12505660565115
-32.519598331290595,84.53887242118327
-129.33874978610731,-54.860781829513186
-121.88027242366249,51.00602302949804
-72.93219008763107,-67.14507708537738
42.99675106227488,17.591964413743625
-114.81322601296141,-50.65772133459642
37.354726526186084,108.85019077090936
72.58777972102104,-146.4483004815287
21.353083722437077,106.560744289463
16.231828817907882,89.93786547937754
-41.50908487326018,-106.11923040258984
24.29386723353059,-87.70223924375159
-15.791461050773421,139.04167928641954
-64.72422276658614,-41.74231745358993
-35.48275869532134,33.50177661199234
123.50270937933453,96.78268922657068
-115.57055034542114,-55.83357557281697
87.40399252589182,89.9733054940398
29.50544284969621,127.62250031464339
-59.689831804167724,-48.44665718453119
26.831401297165513,80.34545257605987
104.99858025053089,-129.13519205909563
-43.136341664649095,-28.205594362197346
-143.96668148862773,-62.73092097429314
47.857605468436645,-25.34714022864594
-91.0759463082097,-95.08499364451185
-30.150326198345084,36.117185654184595
24.108236313314933,-60.663673848144484
-122.46720841934507,120.21623667884415
-136.56353239059095,143.14093367080847
143.57870097473108,-31.613405614370123
143.95154051325545,144.60797828818085
-127.91879537688747,47.63672025394874
70.89846683778137,46.64082404019811
135.2633496130867,-132.0412875399422
54.13387594481807,94.53547135078176
-25.314223598097342,21.21351717338129
-146.45216414330804,46.98533338674653
-82.28433428836948,34.22371681484938
-147.80460592736785,-101.15647658856426
-127.0740821614451,-100.95874324374238
58.212343565532365,78.00683011539729
92.37770741379518,-52.36634371283883
68.94620890844834,-147.16670810824434
149.05080987759118,-3.3151660366934266
48.29855653822051,-91.12444200628899
-70.02912522896631,32.895235565665274
-42.725207534731624,66.50321817115966
64.75990209659048,33.40937106877419
-60.21994832573023,-145.1979490523975
-125.40167841671293,120.73542480299409
145.6937164095412,-147.48025538638473
-82.18792601135661,44.716239518194214
-137.10680057828313,40.55243249839285
72.45304835350984,-135.02535978758348
-109.81748947740329,0.3057518522614373
-33.62359110942242,95.74197480188309
116.77254533986968,-34.464807927399775
-21.08539170133176,71.15505736606102
81.56879428327099,-3.3305435253215023
-141.8585603357513,13.692039005402222
40.91476970700677,136.42999081119
-88.9677605894448,100.09249135215526
106.27438210843792,64.21018632477993
148.7248143203501,11.794962049347532
131.60174413509066,82.74617118841087
129.33575562035531,-111.01297004765468
37.86394121847388,-11.620374428409974
-52.01023249447468,119.96269959314077
-43.45779063051525,139.114273923114
-78.04248208955632,-11.648581340746233
61.72415077596611,107.09212965388667
-3.025356406358071,-78.25529834323572
-131.27125687597513,-38.46724576692159
-88.36225420204866,-65.41463973229209
115.10710727725217,-105.13075974472618
59.36188715272965,-20.328674005630774
75.67459671125064,-147.50855896538255
81.06801188041831,-96.00619809482237
41.66753570651892,-147.3845831995804
142.28329679053024,-26.736367623250928
-127.32308160314537,85.31464920218377
-140.06917295842416,-55.01969410420564
-132.24497378012643,-13.28162883734393
108.40134268937408,-46.501916791448636
45.71962063048443,-116.17395791974288
-16.622784436636948,-117.39036722287793
107.85785729730088,85.63793632829345
-18.915377290373414,-142.69824503076273
-139.6157019063302,-21.51720714932972
45.24537491216108,-54.10513780823716
-84.61044318846407,42.59725597161494
139.97756795506012,50.24685157302872
-20.570383243732522,-108.6371551031697
-102.33414612566558,-22.977146918483797
-79.5199136500227,126.08686799215872
102.36221155507488,-139.52801470887962
92.3119513081287,-127.8037754443953
110.16518171925537,148.13096777528386
-78.05924823674808,129.0622106947402
-76.53572096143878,-9.506333631286793
130.95642873510508,-68.80792443002696
71.770733955482,-149.83485376651961
11.056366514174044,147.00361332487842
2.510938658584223,-19.70996160098295
124.04416746131523,-44.09847800285762
116.98062338760059,42.92266940337416
-148.68078223532208,-51.828414032257115
-149.22084106676982,-13.22310721777734
133.2915970360321,40.54442446304233
16.693101733155544,-59.543285480246894
-107.90675743945508,-13.171706969048415
132.58477139658044,13.562227760140928
51.35887319723801,-148.68233664235208
-132.76216979724913,78.95697874713647
-127.2944592668665,-6.930919451089608
148.78559612944167,137.94124125081743
-92.82771485516955,49.232778374911106
77.72227147817375,-0.3566010385874563
-11.94128495708253,-93.14096964126601
42.52942697280426,-147.5429806519804
12.733000201610622,98.41355387976415
-116.52793585325223,25.30286335179241
-35.45079352314798,134.80383151107867
-12.29811254247457,-42.38258904362955
-93.13909318275081,107.58059391360837
65.49643299740998,-125.82100596076856
-85.78355423801581,99.87122066947913
-10.631053412140943,2.8207340223832205
85.78918098774034,107.79051900201443
118.1098696328898,-2.918106993617897
37.98563358666638,3.017902546427109
-48.104443676702175,112.05403744889088
141.7978343260848,-10.208595705144262
-91.58926884943847,2.674837677944481
-41.45826562260815,9.687223130506936
-93.73288955060195,128.77362357499328
-79.96891342114813,-143.76882218043224
94.92948880261298,125.54315233110623
18.33253659763659,92.14196954520196
19.692655488014253,96.97555060459766
-67.91474678366498,-31.740073158616028
-67.77857622564555,61.15181463419634
95.47480540522639,-20.18706728558294
130.82647291171162,-94.52611129257944
-38.31409729613668,-107.66089603929966
132.34586660392375,49.963609912109376
-18.528520314039724,64.77019419923036
129.54791947443124,80.74524293962085
-42.319587069210314,-47.3589059406916
-82.53318346661892,-76.0093097913876
-25.61857857393946,-77.53078463734798
73.86289045878198,-45.986869285055676
-44.657724891142536,-113.02673491141847
-139.47945850056678,141.32937575393078
-51.03314205939408,-58.88001169751037
19.240278937174082,-25.40261230473463
-147.71202902659957,-80.41736393861599
-126.61276252614266,139.48153101079674
54.12712357641834,-122.64921897497253
-10.951320968587396,-107.16225951892
4.048066265881715,-37.44620240047372
23.173969658650265,-130.35146170005325
141.81151214188463,-67.03801965023133
-114.88325276150721,-69.34349624424081
-137.78852673742327,-74.02972716345795
-111.28144770460426,-92.47534330681022
-87.20341956822611,-147.23010079455474
63.699718012544366,42.571393028871626
146.53620617393847,25.854254350100263
-124.33564911000408,54.000491894225405
-66.41844246035569,143.7262458756593
-74.41878593030246,38.64445667434305
112.83460931666008,-111.22361377658645
52.90387564228524,128.75419735465027
0.26634596710866276,141.61373812239805
-124.51062645083458,-72.79890292327937
-45.55188518986199,28.864466097981193
-146.0432717769161,-141.54980307713336
125.00271767276513,-18.902516743860275
112.43196419723023,-111.86359040814637
-109.59658946762593,-143.49108929088555
139.27425659905856,31.430301716694828
118.5230004159082,99.02341923681058
134.37731956392093,149.91662564680087
74.4932957487112,-55.52336971475235
-144.6262251280826,-66.62308979188124
115.5242230440731,-95.21938109028872
-38.48819708027774,110.39189325292915
-13.371485796339101,101.04005608265803
142.0044489278971,-79.69102737900022
-41.631502435805416,-48.481869825793424
128.9916288189637,-118.59396264052644
-81.64367571218845,124.59138702868137
-65.39570526482544,42.908984187143886
-39.94214530502312,116.14971865658435
-18.606682898523417,6.907991611690477
55.924916537714466,-82.07316218636358
90.00082847731704,-45.48311027469562
8.711783048850094,-53.35270250542267
31.146516339263485,-75.62180782892077
11.394977413884504,102.29171785947219
26.206980619812924,62.257690318500636
-7.635139340745923,50.514326125584404
51.72011517300905,138.71847911334459
-36.85765874962493,43.56589310140899
18.273126528016007,-112.26895883973103
37.84748466553532,88.42258653203297
-146.91128864426912,-4.504995521664711
15.871383374044768,34.80554584120793
93.90731489780902,-113.542082106296
26.131927039932776,23.951429540914205
-15.120733041217903,77.68967803862515
8.477696551002055,-137.23222432685668
107.63355775179082,124.3274519675362
-140.33530813464506,8.302175368202427
3.8952405544759188,-49.978011434766216
43.377902591553806,-52.03638983740822
-16.627114683521,54.001555495428704
8.890231812183572,67.80832441774714
109.17656199479597,37.99764766466552
-116.87071075945198,-121.17022305938751
28.769178532584277,-149.8559116960686
-16.105577025780605,-11.723342103455565
92.20260950590344,-40.93502424908169
69.97894322632155,-74.00448537872275
21.091300980704148,131.6631821152073
49.977192206633276,123.8180854906933
-19.147996672491672,-35.70322530057325
-107.92155221620325,131.22273018751667
134.86944784663342,-93.90630742315622
54.01120969008892,1.779836942901511
148.03048645400145,-106.34392207229811
142.01490077671434,91.48919277700958
44.466454108943026,-0.7697256954060094
98.2815337940946,137.73308337794543
16.030292826573458,-40.189220362146926
-12.464350804938164,-118.95788222796108
149.63606760273967,121.25576847888425
129.8401770672952,-125.75228638253434
-36.99873551459851,98.83727182555506
54.35138032806515,-106.75003444094963
55.720830205921345,111.0717627161797
-64.08963875773478,-117.9997163677464
-82.38743977249003,-9.97879823967142
-12.344135301963036,24.30552534957357
-13.351389229554826,124.52555031873754
-72.84550443259506,3.754449792719214
111.43441873443226,-72.66482887980418
-122.43303810196987,-66.46045137705781
-62.72731355885519,120.01361091852016
121.03008457473851,112.01023614147539
13.99082099939696,-54.77962269316751
-28.253325482639482,-111.08577887243894
79.68475465038617,108.92101260759
-21.750478247638767,44.94936402282812
20.011727168557428,-83.88628394415308
41.62812578113997,108.44487774053454
-73.99737006689102,76.75810949119011
133.20867313622654,129.63714467009964
-85.82778450119297,-28.964247697374617
120.63021501839194,29.23822183537885
-91.90562077782468,-74.6112831964163
6.766755830853924,58.173999331668284
144.3012090008272,69.21949734334305
45.54234161286212,-50.80481472636936
-85.82108523710572,122.2726642789774
-27.700925843705022,50.90801623020721
-107.37911546370844,-76.61895573475641
-25.833511964761996,-45.11636621104972
-98.07961600939451,-90.53135399203951
-138.40927015134068,128.28211962285803
2.6045961751732136,-73.56335193407027
-41.55383552267858,6.612315784535497
-69.22625094994078,-142.90706656230307
143.01048815503754,149.22385755002983
-69.11936021635292,-121.66880139601516
11.092072694391987,-16.008433629722873
-78.93581583205295,147.19067685087458
-25.62520864234301,131.65585413610575
70.85898327919887,-73.28487223141168
-110.91979738606588,55.815054712180995
-69.45220485249789,-132.37261649554296
76.99261083857482,89.65927397435351
43.21621411240798,55.734068414808064
-118.89693456074782,-0.1324849391895384
7.681146807034651,-113.45442198964818
-123.36747804697592,63.496770913492526
131.36952213740534,88.7721204063009
-2.4168006883312785,14.32887936671409
8.162800360807154,-140.2236253201375
121.58995021708625,27.411469910274604
68.6582447826105,70.01285984897697
61.14669235831204,-89.10774171675973
-59.81342193114625,48.57820036524083
-119.71992471544289,-30.23921294036947
45.791992226470626,-148.95050386328765
-61.296512749798964,20.92289285941777
-19.430017690315594,65.64717636935183
-133.59584761970058,-62.97040805085133
-106.1621401952888,145.58325049968852
32.88373341756119,-8.10077410859725
-9.052988086619905,-60.13114483046736
92.05789089121953,117.80238340274047
24.36358295883204,93.99064876297194
18.81057411982971,11.972331156190307
70.29315629042452,27.942315216948543
75.59423594595776,139.81754687181007
62.620731519387334,-112.38027560176013
36.697403070377305,-18.165635504312093
-131.05470038953564,-53.63428873827257
-18.328256213303973,-120.00577429558285
-20.80373143561627,38.783644341402635
12.870450402760923,8.465710079218098
23.134709220025314,147.00704538906388
-91.80978405611921,-9.18207033053497
-28.130289396596993,114.13239210003002
4.885822880100108,118.29236764240301
74.83294381764753,-53.690379237641466
99.90953808934722,98.7565891690966
126.34852905623183,91.08353207558358
-72.47182195640643,135.00852244469286
57.71630353263919,-120.64303389439928
-78.38228236572664,-64.84020201202875
74.20977616328176,-28.214446270350763
101.18084988542915,83.23481918617264
149.20534557073296,-35.02986535347371
15.991153361865173,-68.88291679489998
81.99055015751051,138.18419705843962
90.68553664052129,-93.12779473863212
16.167070680302515,53.95714025763388
20.20197893768352,59.515223488952216
-148.05664796962668,-143.2195915368135
113.76882452541417,-51.24621393694602
-81.17907169581896,-91.86901569759456
123.7852473651584,-51.29726588163956
-71.48328727626605,-74.30374859229994
61.689067119671336,-88.02168768466935
-127.19506008303645,-119.68273112005738
53.71023177394591,-16.282708978456128
-20.00436041772889,97.02178355346925
145.84598557040954,55.08994092220837
139.65947760448108,131.04448770194762
40.289014057534416,45.04991742976401
39.60188978150455,-32.93928544787573
59.67395958645301,-40.57600486147609
-111.55876116957737,-72.3966401613364
-137.14593536935735,-143.95766785592932
-22.59704633192129,-85.98941290314433
16.287397547193564,-56.67622765787621
136.51173581336872,127.04466172299317
-138.78506629021942,74.26959678781117
16.935930343867568,-68.48067142055997
94.36100360630829,-59.94183120880375
57.264797949381375,130.59413821547128
-26.746669198822147,34.73703484867704
-56.53456089871926,138.7997057270594
-85.46292026569463,-20.195953287986413
96.53699588306569,130.35272371954755
-118.87920596972147,41.947896021186324
-92.70245577024778,88.8315190599995
89.01225857719896,112.16772355399746
132.9420483208474,-47.98627270794418
91.10891680539908,65.4332108712563
18.040400311698875,-116.42430635917606
62.46561282725335,-56.86851997206132
138.24430686892418,-142.1544742891004
-11.717015277492834,-22.809344159948353
57.672106960522456,-20.868465616132994
62.195952056176935,55.477650847971404
-80.58992485743627,-65.41228907833211
-59.18932911375123,-85.77397959142098
-115.69071177446924,-101.14655329515685
-45.313258587718295,-82.48375035214947
-80.43752841502452,-24.06225736588253
-131.84162982473066,61.46748250424449
61.14732291578588,-56.87527195668794
-51.94641514536514,11.456726553277178
-7.155976560034844,-45.146623189963236
-112.07003280107934,-1.7243685138060698
-55.6527944199583,29.33260244503427
127.21549421524855,-38.399559508707625
121.04526782822677,-110.88918766753642
-135.87220143587572,29.83825983562062
-137.20347486046086,-111.68833173557665
-132.21563927101934,79.66105503734545
84.7127472000621,116.48878089080358
-26.536777927874397,113.56687164131654
114.54640368574212,146.03634029037732
-35.921281360505475,-134.56496394191322
-34.03975085708245,-76.5049474564331
-6.377519502242649,-58.50642024577054
-73.08116306714717,39.51135724434482
-121.56130848423093,132.01971690571162
-34.08811907016869,-111.29709996808889
-68.40160323977564,33.74099856670887
92.47345689494969,139.18191565702506
53.16281564892671,-113.11618392499463
55.01838624885693,-53.232646011054726
91.69331486636625,-53.385731300829406
-136.26304954139354,39.3168419963736
-14.449170056278547,-13.19890399212008
-122.58744424113348,-126.04781873330064
96.55787044761493,98.63582498389746
94.13103681412585,99.00577207943127
-74.44163618491375,-128.17649939775492
46.949744703411994,-123.82375782041652
-123.78262689155227,16.162207425807708
-1.3983164476138654,73.27552203780891
-147.30040408659667,-7.259668357590158
4.810904127028891,-70.37177089850272
-109.40574547720394,-44.07208916907844
113.14374430752929,-48.29633472747469
-44.15266552801927,-51.47504894545388
-5.492381192503643,4.604074213138688
124.56449261779704,-121.81321017208403
44.51017042301686,0.40642673190367873
-107.67375411202478,84.85223232406824
-124.09390617898706,-27.888317757066375
-102.18853638392297,-76.11845404185824
-41.61483231743965,-86.7822723615485
-75.19071730816262,27.29784118317332
-4.200245349419106,-18.50559350841607
42.09737290638586,149.88961792126696
-17.89099054844789,-117.85932489981778
-112.24103712923929,60.21837894019336
-129.6755925929428,-56.72858112339367
-4.86556179022034,-133.51073676337134
127.58096304689042,-128.15819052374724
105.41387806953409,95.16531664370746
-38.231002035668254,-32.83272290232057
-15.518247484288992,-141.76396373491247
73.8207410983357,-30.08948351390785
-93.10789605031903,129.93186450559244
83.64461875983685,-86.54485480086721
-111.15960641374971,-92.23386487961191
-121.91748123949476,-123.62066915000372
-44.06363672829242,72.88429303084237
42.99109431932794,-112.80739492766811
112.45428326839459,-0.3035456247896775
95.973967873075,25.670844798806485
130.29525650099976,-17.517293202456898
-106.51458561517344,63.05932194355975
126.35518992750843,-70.95460584092497
137.89160680182528,145.3542921130575
55.25554281158773,93.00760399969496
-147.21616647987213,95.1757877057089
-67.35335747535368,29.14132513878505
100.90090837135759,95.35241711602492
86.8739602686779,84.78572507751022
-38.39862734811085,60.235342541997426
37.33662773284061,-87.81230010277753
9.668421768662313,-12.201848978648485
-131.48424702088352,-96.67327341885878
-57.31840244884782,60.62608700332288
101.4816590920293,-85.9845933513178
-34.41765986345649,-124.6611119191226
-54.149107398816426,-109.18986947254825
128.88933938572342,-42.09395282830201
-131.76964558660674,67.67679161929343
40.91033595437946,56.853682574534076
-18.73412169971408,-6.985783266725804
-46.759581822232406,97.7099923213919
38.94027272031468,-94.24064212604333
-78.89753178253426,-41.79369038852133
108.49110611690782,55.96096254395363
-104.3115589425799,30.177078002182355
24.992941326474266,5.3207108007454735
148.9019549429803,19.6602770663458
-134.7223842388102,-86.41875133549748
86.8641915605138,130.76874059938723
-9.906744271988657,50.9407748353878
-28.78027147356849,105.37561993143163
71.46475166144432,24.35274792791074
-22.10439946761271,52.989045059716744
-36.96524472329972,146.17259814482406
-126.22192851967557,-103.54048686521196
-71.94480898688268,137.15989346615868
-25.116854913353976,-115.7335372151725
-24.31705759852825,-52.903774598371896
110.25241742296777,146.5904336434063
-83.69773396481901,-116.88903316570898
47.684847454878934,146.60981984814475
-37.8663376436904,60.397916257956524
25.804237545480248,76.24272128397712
36.349936515419046,-127.43279542639296
117.98402222946112,-17.231671932097044
-139.33732481024845,90.87971959393528
92.70088431608207,-77.91481142309206
31.34621541512783,-112.11337128840195
13.005665455272776,-121.21839627554007
92.144426585671,-50.43431786818414
136.611553279462,48.79954225868411
149.06163145072333,-120.16874151825081
106.38287445820845,71.7727801863847
79.14563955370451,-72.27482143021604
-115.30487406639165,117.89002359808558
17.5702300461991,134.6740488035311
-86.69015721242911,85.17305569193982
90.44206667965966,-61.86428832092204
124.51721807506232,-95.66287909321812
-57.16870470512045,8.677220415004626
37.37206773700089,122.56388884986916
57.372192561221226,-146.82284296662743
146.39900370187308,-61.196976930312175
41.05267753688432,-63.42729389201165
-111.44676443501987,50.2540337578931
55.93939530727235,18.39928486424182
15.403591632731207,113.14327375876883
64.5896395659625,-101.95963005647155
61.83868693560285,77.58837697887131
83.4290148830062,35.853257395441716
51.94477357324337,19.11572241062217
-17.27379487031658,44.09616171719907
-123.339296530864,-148.91876140745183
53.2661486039581,-23.872423420127745
-126.99253235766,32.39709443699198
31.792418206680964,10.34971971625157
-148.45618523600334,51.59177280870324
-111.68325309612257,139.2786264556151
138.0925672807668,-20.960925018678523
-59.588685274747505,-94.44798744714674
45.39834181061539,52.77053899155928
77.31403864660558,14.875830490749252
78.01019083594821,121.76941890942271
14.225182788140046,74.72833991029202
134.24601819644192,29.747734762970225
-143.13918129739292,-81.4998356640138
119.54255411643908,-128.5021555369194
105.48656855877593,96.70574342943678
-60.58319622372727,-106.0070700722423
-1.6008395609093782,-76.84848374696726
-70.9931990697265,-137.39549759631788
-108.09850125765038,-131.8988094227721
-65.91638606497419,-91.03760590187503
-40.43325658822849,-119.77277728216211
38.25432065361383,133.78467957905468
-123.0737589631139,-15.884611267139348
130.96740969525302,28.96427822647337
-70.65406831308333,-88.59470781753248
109.36416351479551,-123.96851610663433
71.38895027259676,-96.71591058493
18.223914486111084,-148.48959041500422
5.945330812160762,-127.26217549486677
28.67257492888959,-145.69422958602377
27.940290812704404,-73.12036349970897
115.29279194681288,83.77427275540009
140.35453235075386,91.59388182714778
38.8249397188836,-93.8050026892929
-40.57849630262095,1.555852884484068
-90.44990188175343,-40.816436332721395
-39.203678466607755,145.9897839935059
77.92098879566208,-14.458141911712147
-70.0591710127586,140.93404095823223
76.19430671810628,-41.85851756846273
-117.60893307361073,-138.9600366091859
15.403723109951727,57.935641981032404
-100.09343714024719,-118.82644862508769
148.35540220369558,-74.68848080618186
-79.33372466706686,-65.39498632499367
-124.6985836926018,-94.93482776186528
80.58885240479802,-113.35840486218633
-2.146082685687901,-35.94391840457568
-30.235345534133174,33.65501068068775
115.59163744553416,-16.413510264470688
-85.12775921750307,-48.63452357586084
-120.6154857979634,-47.77407962687626
-90.04440936608707,129.658560874815
121.31389816342414,28.40440710492456
-97.2558214512095,-58.019453027862724
114.25630617922701,73.92372576354236
-107.85503800040223,149.2832686112739
-77.77607905759893,-67.39295379865254
-146.50328560717892,-73.52897474717429
-0.20463407793621968,-13.981738008683124
74.54785019349356,115.2918086758973
-59.215657468076316,38.60776345984877
127.45342846568207,41.2562062613687
68.6498638749056,-89.23122842476855
-119.81139075779602,-108.23802846007581
31.609622927187047,-132.6036061992376
0.03749250292824513,-117.55610348300591
-142.61850655470357,-115.54564951459894
12.290889225673084,-81.33032405632774
141.98233576423786,-9.5209968883444
27.638157756334465,74.49482432141232
-14.785764031535649,-28.603844082242674
108.1540531381209,-10.318831789086715
81.14243405871898,-70.67742215985386
-132.23624044241973,-16.278340531840314
-26.70738415331759,-94.30228534517278
108.41502662099231,76.2708366907384
60.25880220713907,25.104515454091512
-19.508547394658308,32.123931106722466
51.70376955138536,142.5362594909446
-93.29669727447711,-36.25309091532276
76.7736796319312,-12.153470116077074
-36.71781773986096,66.09571018682666
-56.435813581846546,66.32030252345615
-30.018953188039248,141.6752071183882
124.758967303119,105.55316235351623
72.03190150062505,-2.2169979343367743
133.13059425557833,17.187862839563024
130.57115162552418,-77.45616295192725
-81.40252470321921,-80.66803789706218
-51.787974255777485,-85.03006435012566
77.85299100607696,-120.10502310822007
114.15185540274717,63.2458599133046
-27.54869421510645,-107.77366990610986
2.9199131962965623,-130.30875499596266
-62.4946199098391,-104.48102875777775
141.45194353790703,-55.33710509828748
38.442647521486975,-118.890848985944
-78.51146013125269,40.13024860770119
-138.15186348854604,57.28483236757813
143.75139946371365,-17.88351172617658
35.87035393319067,35.40575340549978
34.93946816200676,-42.085113544533
-69.91819038478718,-31.71814885835383
-49.87033422762228,-14.35543043135462
17.376064704032956,66.98583083831323
31.754821643602043,32.726802007171415
116.64017993913342,0.1446346114354924
129.58539201873447,99.176644502393
143.9894662293422,7.1926522071305214
-122.12335121429167,-120.61774118264684
85.50244219566483,60.1753050694858
70.49541354274254,-41.50143696635213
-89.92446690832244,-93.52682657641624
47.84853265590141,-78.9170681234004
-68.1513775872909,4.102439163222016
-8.009839645171667,-94.30406593797358
-36.201778445279885,143.88342317354585
-117.48667835194178,55.0418432267187
-14.832592562084358,39.76799727004234
-17.13265901651772,-126.41190588724969
14.137649462516578,10.422095368642658
-117.98107052012698,109.71694611228742
69.19401711748847,-148.59611090059192
38.72184875431617,140.86892634103805
30.561374593332317,40.71044543929324
-92.67065173317349,-79.23993539445452
140.585630080467,116.57127532571718
128.23561730343908,-25.188333883800183
-39.838692968435765,59.72537699981052
101.4444050872309,-66.2557494637809
13.364711303112244,-115.13217854180829
103.08178108333962,90.46575564102051
-94.59569167287349,-30.34177662456692
-78.40337040785454,-18.16484688382363
133.0485848747324,0.4227309862708921
115.2222817454803,-128.44481365214264
71.21263888406025,112.40387792021943
-80.56988458514299,-134.32232709118392
-105.80572746100458,12.346435463736753
-88.31901567444103,90.82511232022438
91.61149036830219,-56.06272554845805
42.40163493199907,56.975496674362404
24.455724067872694,1.517160752640649
-32.146269462270155,-21.062423648769453
-85.91747707694756,-104.96886331126808
-135.61855302599335,-87.00966850937033
148.66564102340817,47.09413368014572
-53.80007461102683,144.7542317950822
-91.40002146084832,-106.27758839717535
52.42233966876941,-50.78749603401788
-71.21501140679327,39.15578526113373
-87.33085163798913,-50.133354491471806
-77.63953103984393,-144.29451082547317
-66.08291793976217,-127.07663081074294
144.66176358734407,86.53194260809349
-100.89626644482306,19.86916671815905
16.588165074965133,-142.9323098273809
38.85354369079877,56.731282580805555
52.51014674978481,18.813436872301907
-122.58806797714806,-138.156542585825
126.7791831909235,137.06410312192997
54.67746175633678,87.57416103829559
145.04738260946385,-113.78454971593992
-1.5250061454048307,39.960994974407726
-99.37313304108798,61.57641406604614
-133.72546403061867,-94.34370737736637
90.58766984986772,129.49385263841157
-63.044832844933964,137.06316121510292
144.50402123087343,-84.79189330914431
-71.37549364195871,-28.240099416609127
24.609186231519715,-71.60505352836601
-147.43287418018147,9.629463051607615
3.9329045972653205,130.00422106164274
109.16942764479336,87.46554087183475
81.33692729657338,-94.7141791661522
-107.42323392398539,-60.93257103316658
61.15189333827851,-122.84627474006663
24.358345447543883,-116.79161380303742
-118.06751276418741,68.36300148650977
-69.4722429000489,87.95221491702424
-84.18299524202516,91.92725555733861
140.8432911742171,52.98597059140826
-126.44359680629077,-143.42013967256227
-58.64228153374613,-126.50959683007767
75.75485214112658,21.729710817868295
38.95898156568933,-114.93517872800619
-107.17261294794487,112.00550490844921
56.63002284698274,-74.45314336055267
-118.5796968917076,-60.35861904975812
4.266364879372958,2.1231037289386165
24.779007171127944,-55.49221127801471
-70.71281528449764,-58.05723469856167
63.212089033130894,-149.15447683561695
21.489961951050276,-25.06487205312571
-119.08358699850217,35.41083983737809
54.80905683173643,-142.78537089945033
109.13244352021184,74.44319893098299
130.40116301078052,107.61285277717627
119.08171159602813,-73.07214428594516
30.230498477607796,-50.20510458233143
32.262002904868694,114.70145061215436
-108.7110674899784,-2.7019473963971734
-69.28431390842161,71.60347282159233
95.17123027276054,80.21882193093893
-46.772858454966965,123.61208552612891
56.816915181230115,-32.869296019422805
-37.935318710800075,140.7335080195104
-123.84252069096914,122.85524578776415
12.924926877269769,128.42266348486453
37.76272437658616,-88.18608655668874
124.51655939223474,-53.082272626206944
124.22565291826362,-83.28590774708022
27.526508069635327,-44.98192590244763
48.268394801226435,-96.90869704537752
19.128682032461597,40.239001382920065
-138.23365226693005,-88.42838623997758
29.351345054672976,-123.62888629266573
-126.55961284059578,-111.21828439825748
-119.0731475580288,82.7329242855055
2.5533332844635197,31.13568055713293
-68.07845501004356,-25.21612685775473
116.7557356932997,100.88989460266876
143.30441308811595,22.215207675302736
-34.48854152752797,87.52344537687546
71.25233841033383,-95.73965646017979
-54.01057459796482,-143.32846572844775
-61.35059393979138,67.61751563035676
-19.284794924314866,-106.39341811764807
-65.01733360856372,-96.70405454706633
-29.5988503402548,-104.01847527987735
-34.70170034901416,88.43731211340571
57.04014371312445,-10.038243671371418
130.95254288319927,-44.51611785817998
1.6553660648283426,-53.79548810704662
-63.16728298187408,112.66923878550153
89.00394175925629,-12.412919806866284
114.7917998045188,-97.93027777724761
20.90252198343481,88.16221750519188
102.26516655694223,-94.50134765154941
-119.86381545079314,-42.12022036959763
67.94924897270732,63.70492840648302
135.4205333286681,-41.94877617166087
-59.88451948730483,-8.920001107252915
89.71402960232919,19.196679853698697
96.92252810233566,109.10058579379654
42.954408766677204,146.31674324561055
43.95296006925017,122.05896148100777
-33.37847403367712,74.83106147629297
54.38797167982699,29.52942954849604
-41.86814285603114,-113.19529477595461
139.72388474676183,74.8731384383108
-45.790919717235255,-78.99782935602363
144.72757095979188,58.12537291297747
5.726943338141439,-148.9916781992908
-113.55400346042475,58.69484270008002
-77.91710441190841,18.26442742524469
148.55687153432416,-112.07758497737866
40.109788786649176,124.33880303463138
38.04360574404606,-87.7406243882023
33.5545252877119,29.839714664540992
82.97670614949601,-11.449832581534992
43.14573378717682,-71.1460433894008
44.93777324063433,60.37671410163259
-21.04917090320913,-90.73928278916111
-142.6771474833147,10.07629079256921
-121.46246144759397,55.31827140888217
130.06469110323212,-3.0724019249559547
12.29445956242921,71.75781218239109
52.571831864364015,-4.787721178818629
-94.9785787172208,-42.67702933956369
-99.4899684261733,33.10089892624825
95.05263261641159,-85.33146623555673
142.91065204892175,108.16113141128045
-138.62381680059087,85.66285420960605
146.15600141893015,145.84817334863953
30.09422126904795,148.23057147789342
61.715375057461586,-10.303745062183708
42.075811541507534,9.743968817509796
-131.09620298355756,59.628494567322605
-12.579749612100073,142.40019620489932
58.18766992673358,-34.15708222713508
126.40745600713689,-47.63534312104596
16.60228397678165,-126.25622589521636
-114.49875042973119,-43.585979260744395
-27.325003112810066,-106.27944194138617
75.3313540953921,24.587431132095304
-124.3753140663252,146.08322129157034
9.922331842484539,-18.74510417058559
-46.02893519849442,107.70585490669367
66.57366806995546,-79.77240073566321
-59.51894624075338,88.17710382863808
148.86354062266741,-124.7201666259341
-19.585308523372902,102.67623690600391
-106.02063627989055,-84.54054456687884
91.75128480014112,68.58397962958509
63.83753081824014,-106.14719129594457
71.70667209840295,-19.986185670095438
64.71700437970276,-139.61955352143846
-59.29580957118439,-131.4870695383903
-83.71328558472463,-98.1176326336047
-38.83130557375989,118.26235540207193
-91.08611778516183,12.573796439641171
79.53136100309882,4.018214512083176
0.6827668806387237,24.512066380903462
68.01015312121564,31.473016121540866
-124.15189031761525,-15.112302167277505
2.0598817447037447,49.70831045543841
-27.90047057067568,-88.21763541944465
149.4114607456765,82.47035352203918
-55.6187300501432,114.77337942765695
-138.9951212714835,-73.47755080083172
-99.00757147961832,-66.42399469187477
56.14130612993432,11.176514856717432
67.24390223450459,-122.14716846868002
10.38341239540668,71.11491164221934
-147.10406788300756,118.6537803945244
131.0834343796542,78.94738848770496
-54.7275390370649,16.121309860864244
63.146832343335234,73.12029040313604
114.69101796760441,-109.4106716001453
-30.216473112229963,-144.95951493853903
134.8677001350651,53.1466591885943
-98.65339623511562,131.10343243493975
-13.877131987601757,-44.517820782541946
-37.690123788208,-133.99891310709
-70.0920076427816,-14.836909906089488
102.48499221751712,-11.803909140262135
20.250742831743594,-57.65400643520468
-7.67154775206177,-107.50624809715245
-10.42538250297116,-66.62814603430157
-24.53329577233154,-44.50956958697961
-79.12506702051225,126.3148776622536
-20.33229201586252,-32.11267643384821
-128.45391400995558,75.31362685464038
-147.51184496109536,-50.45550835601709
-128.47233245156164,-140.01585214403278
106.37637514439052,98.4298877617901
-132.12079552599414,-72.30065857141899
2.2615626014089116,-148.67174918047763
-104.60786530153061,-2.9309031274545987
24.098088940483876,-99.58263463437848
98.0266815715137,-32.98583463495075
-23.10968020591794,26.07776763597829
114.36095279028416,120.9866928147735
11.904528181364014,-31.911901846843662
97.00650563797652,80.95944028359065
-45.092685785125695,-46.60323148008435
31.99894819682578,-63.25350143513906
-125.16457739777965,-96.09983533805246
124.3045020822064,-47.094382057738315
-29.080016404927775,-100.83233175078618
-45.66973876586168,29.57430183610427
-20.444816068468697,-113.33438091167334
-63.931231653661314,-38.879922956477884
101.30089310938547,-149.30250240539584
-84.98790848815585,-83.46584636862565
114.83045327623444,4.622789444847996
148.56168470976706,-26.677404239161845
-60.07501086394966,-124.79004696956059
99.14111002015622,91.744400202659
64.53916861139237,-116.19533926257479
-49.1485403289699,-12.80990327779412
140.84638386121333,-110.4521093164885
8.629245223089441,-114.31467075801976
146.66392454637173,-94.26683983589261
-148.89046161206272,8.607370087876546
-144.63600560672432,-6.64543640994421
22.434573747971456,100.60153703552453
52.61353176752158,61.759183972781216
-56.9920867047594,-115.05029379737172
59.57879734621304,-20.66431687951362
-135.48846865751614,-124.95837427754387
135.11639237595784,-70.74685285367146
145.50281057880443,-80.87957967380827
-17.260679881036395,43.52995540470559
2.720665394199898,-17.873137515905142
-10.415015411924259,57.334595874046784
-23.599936299814104,56.4775973652082
-33.873943414853386,-37.52513222008798
1.0412254846555697,128.0982786737435
-72.8464414788697,16.52653150480893
53.143299891526596,101.11950721202513
-1.7905368408542017,-94.78989878208141
-95.29961278905759,-124.50969097085726
-133.21256849380686,45.37128181617689
133.93263746910765,-65.7886547290665
-119.46622094555892,29.16410476449022
-35.5842962072135,97.5470390088818
33.48031371827403,-116.83606524164702
-96.63566814042017,70.48362300432774
56.29661117391777,-136.16651390454356
-7.311697258804287,-70.77272305023719
14.67792513589049,7.558532212413951
-3.609616186436938,-127.63781752740638
-104.84009799741665,-52.08183508481889
-43.40264085457068,22.74230229985585
73.50046195608684,77.95914131409666
-114.53787745407848,-31.89085824417525
70.54849840092356,93.40573848670667
21.447602823223832,107.9517432700166
-109.66013867173717,-47.14139386334868
103.38569261021186,-134.53980233543032
-114.54402605101984,78.12419206396285
31.65463313325685,-99.05869328395048
112.49122365962978,81.03320943215283
121.55887879535891,-113.63806719245477
-88.77793185390314,88.38511103206525
-24.47857304862471,-10.889572416187008
108.15859098382151,-47.084201826648226
82.63488219418701,103.595468788499
122.45068602089316,43.89556515784591
11.07873508238589,57.42444913327179
-3.176574011916756,149.04548794141346
-85.69731543323333,-30.74910831647999
-148.55439767292177,-144.68970948993714
-126.36029162802618,-52.16154942047923
-6.604299190350105,-83.28506337301165
28.503311538228758,-30.707534196169334
65.17829825960303,-85.49544158193666
-80.586576419896,-82.8213666490549
16.889882808116454,104.41498632337499
-67.84774506635351,-34.450205171309506
-87.38068471648981,-27.34560613080737
-27.42333193619926,67.78551953024663
-94.62592303043762,-76.72892756268493
119.45791248478582,83.56531717874009
112.91203348540495,-112.16404567633575
-130.0470101477183,36.25753851021378
-34.7559698626374,15.846571325912038
71.80706954429706,122.28511401981513
30.12077177033396,48.21220018442801
-88.65484349346926,21.908296440141953
71.11721665324575,114.37724320100136
-49.78184876457844,-145.95134996058673
-131.9389688162285,132.44359721564524
-85.59910418841832,-126.73276064600256
-27.228093566041167,30.398473143616513
88.77959381480736,-40.913516988229404
-149.6308501913828,-124.14571543676301
-15.695111596497725,22.04315071606152
61.19012921314234,-65.62861917984861
126.22779296930901,84.77157906124415
96.98000970784415,-129.77651495378876
-122.67558836150859,149.8350250453343
-94.57406007724904,111.2846543747678
37.06872133336023,119.93470854598212
-74.74851992877505,99.88176794042872
-6.714700117702279,-62.00060844108138
-39.525909983248496,147.18030209565194
111.74385868764114,-146.00698283713822
145.40487302507051,-96.31161458729795
-22.43050551549922,105.75790818483378
-68.76973047106006,-36.6937332740018
-134.51281148261992,11.101705885338703
17.879467959213457,78.14956115792057
84.27289623056546,-144.5950077485122
-108.86065368038196,94.5558271531493
-119.65782452790901,-26.9313025403586
-146.43969140581996,75.68847999173408
-138.62531829588193,-41.3023784807482
8.501108357484043,115.56347335156102
-91.9074704839035,143.26658497464632
65.16107565821417,-13.014133634315726
-146.08988551750645,28.80106869287789
-63.79025738551934,-13.360183052498257
52.222147360450094,53.535522319921455
18.8172372088859,50.80933995609712
-133.0974955941649,-140.57097380663959
128.87805246267527,78.82623510614826
57.72416599650751,148.12431814780393
114.65294288994022,32.37582288069228
-131.11478320786,79.58136369392167
-119.4999529890408,136.87528774758215
-143.41446495913667,-62.79723149069227
53.48049992033276,-56.469823511121405
-21.399581607524738,-49.248662758658085
132.0469216276656,-123.17224337964281
-17.679284160428068,-94.28500420870628
-27.03034094588088,-1.4011012145367374
-133.26432511700563,117.78343028266028
-124.65302844014998,115.88048355497273
140.96379614180773,50.354819800046585
-42.99657948025198,72.81687853779752
-51.9735921095229,106.21334633866297
9.87309293365064,-139.5242154219729
32.59954628917356,35.295868155926286
-23.18785663854473,-136.90681728300586
4.416771002530368,147.95126719880534
95.36423960709405,-29.987462515553602
70.26745497208222,124.51524884660876
-117.58352032187759,-80.95577396951425
9.969177858293818,137.21328636322426
5.586824487241984,-142.50736148731443
-4.894116079846867,-47.54079643560999
91.29583556731546,-35.93785874396099
89.0929262983266,-142.7592748742785
-27.070080381355822,-70.29009016717404
80.80250390647976,22.645633950194423
-91.40224566423106,-116.965326248087
-96.10781803922235,135.84456821438965
-73.2395070187467,28.33614185239128
-94.42997150918758,-24.145375995292966
-142.54822147117957,99.52745426773004
-49.454417765495705,139.60877553806205
145.66008696906147,119.73766865635037
-28.45232573533508,62.91284628733396
50.2357595125643,-82.17385795026536
145.28942146609512,-43.67005975369341
-146.20289454788397,5.882968398675217
-56.12304095948504,-117.68902855912972
-39.49883165221739,-138.10755120734223
8.625991844947322,95.55618214227403
128.2910610771654,115.82411838811026
147.46702735895354,26.028843294031418
8.669367135307084,16.970754659187662
-90.15330831170346,-7.201737123028352
-10.4590733714262,-111.45313080991636
-111.88656698529918,-66.77563083216344
12.872833671770707,145.36078944221788
-117.81125505723872,42.014915588672835
83.69389328811329,-9.32337476021334
-98.78808718133922,79.9395149210178
-26.663036432874733,37.57314278749638
-56.632743200257835,-42.79498785729923
116.21918464050111,-35.41624460329466
88.21827406887056,-71.45307654667111
64.87918329596704,-26.287834610711457
94.10028323524833,-148.97965729817045
-69.31595845777727,146.4580658726469
58.00840332791046,-67.5958872491874
112.96804655496669,-127.63980665503149
136.72240810452297,-54.77705568297941
122.67427631719801,-26.267280512766362
-13.905897302972221,-137.3870049743089
30.77541106608635,10.024811934133908
44.672872735172376,128.23426003094568
-127.52515847899264,-133.70903621722937
-5.848552336809433,20.501367425106594
5.723944384665884,-59.29318543273435
-84.90615987749419,59.23881939102347
17.54349402959491,-147.6763911902995
-140.52254695852184,-18.908820467833834
117.36366283631355,-0.9811060450197999
107.90404042771127,91.99626208506015
-24.675480257786816,-78.53475773664994
11.487697798883175,-15.972077080189877
-0.11502344267583453,-142.14749548151767
-25.759949249826633,112.15022378709511
9.153312288014916,-48.501556101998446
26.910006262733305,26.185649499301547
-9.586515824953494,91.84781043683705
-129.10143006898122,-9.767543826900436
113.5388211658626,-2.7321408472815847
-40.81837763918608,32.74295509260884
142.2113099308615,120.68569821872939
-56.07137486549331,-79.56785533719952
-112.73372095087693,-0.9249548398365448
46.00351374949878,125.94292520665778
-110.42173543406655,55.61363828281179
-132.41804606480227,-87.14457215930773
104.69097200012808,-45.227440574286945
-14.359085554004679,-117.35030277466836
-24.58397457429794,-40.767927100640904
-101.27911117351212,43.77949955885845
59.00245978281367,148.43361829681686
-17.884066657998403,103.49393913458164
45.97842689566045,-72.37390892592593
107.49961952115387,121.60532020434482
-123.50719278858332,-138.58555634939677
-54.94420078485915,-129.57470486888639
71.3170528768664,-105.43002497724022
124.31097494383113,-108.34356532788998
-116.90319192737816,-147.0461352921263
-24.48970579411801,137.31252964745806
-147.4292459453777,123.3602643732849
-2.525734001296172,35.69280543591486
-141.15697257811217,125.18473839636596
-100.98959679826416,-126.76881551126476
-99.66914677592541,8.284681299806977
-65.87124218042793,-41.56114386826903
-99.10720818181791,-41.49185298026235
-145.6022203266953,91.39748961734057
-27.564705381427487,-92.42166123846873
-45.787971089515764,-29.54678502821622
-4.058278102597967,93.38066639502915
-87.2303933760346,75.79482139822707
101.13058225296126,67.24539385776166
-36.80693344856387,74.17081874722382
87.01557781095164,111.51022900147603
27.084593209857218,-140.8969461519284
111.81530135427772,124.5445378735817
145.92793042171752,-118.76439261688091
-134.30185619635873,-57.084177998043444
-25.39424558494487,-56.10819271628327
-134.66591551742576,-26.615673938342226
110.89057983184966,-110.08850537325907
15.602837544955804,-116.598384654813
-42.00623265668084,44.002496548505945
50.281344790112286,33.17762662426031
88.08576914843908,147.23959379349077
-55.451403783142354,-54.570200002973564
117.68094080187905,-99.5572240253976
-103.061816459899,59.61207917227921
127.93890287142932,-52.61368579244939
57.89515438909487,81.20868872056852
-108.50555507741021,-93.58358258607453
-130.764241016816,117.40768432648122
-116.80325021396516,22.398732966268796
112.56554437424296,8.25584088738401
-6.500871132802274,15.414626372616226
148.91442314501643,-32.20150033430451
-68.4376807099996,86.61706849673223
-85.7254946044328,-81.27271673014505
-80.75649159225004,65.05478228931548
-33.00516094588521,-49.09726620983702
18.94959917246169,30.862534332572437
-61.153921769555566,-83.98290739298338
148.89031327762495,116.28354108405745
31.203570256522738,38.60898495443419
97.7600122628092,-53.80134066481497
-8.387672911259415,-135.95816285372777
-13.413301936311115,-70.11889416323768
30.358623168725302,92.93067415550007
99.46745804649822,98.46358943407981
115.81250455873663,122.12456628130724
-16.049509915568734,43.28618530055388
-126.16214115892652,121.82713443939923
-76.84455970622246,10.263834903293628
-36.89118722973396,145.1720422155069
-15.487787438765935,-138.82646967696576
-113.9518632734175,96.26670260632895
-1.0512639140980582,141.9529778588385
4.529943833882243,-72.01033255641853
35.56874479920003,28.193765986355515
-2.675684514524079,-52.67274959568407
121.74253853043768,-82.46327529893787
-97.58343965556102,-20.00870814546178
78.68194121250212,-37.97818077414313
90.25792546467969,68.61309850222312
-32.00221434069111,-68.6105608065979
66.76696528986471,-102.90134520141288
34.145695845546356,-119.47556013639407
28.983444840756732,-110.17596273449931
111.77829902860395,-111.87334603836106
-138.35327203235656,-55.58195224916071
52.99029469335389,36.55718684198871
-100.69058487549387,-72.95395516914286
-78.15070506082475,60.80585776971358
-137.72646873632516,85.39865057907596
18.117220033139716,129.8162364987424
40.28435509227768,-53.43581597057249
-44.070775214223985,48.2407774246808
-21.711874452160657,-78.09056315744974
108.20282661707023,107.49378983664053
46.28038941713277,-131.23456337822722
-21.1295504269261,-125.37466678623194
-133.3979593045676,129.2788778861319
-69.03359678218088,-20.453877614956667
-49.392968502282,-143.34336467063537
-27.179127786114023,-62.44667358951152
46.78949399838186,15.508562217806599
137.63182142833443,-12.261290132322102
69.50498355185434,16.475255998645054
-108.99794138445442,116.84259451163626
-50.95337341281251,43.096584698659655
92.69703806622817,38.002590747149185
59.3672250727989,59.247153194698
87.66402064484686,90.47372376476017
135.37703256226405,64.64373764861239
58.28288975452148,53.51437131399098
-14.615460907811268,-123.60410755821637
83.80778743343461,-72.85134458222147
-78.22602736666381,-63.280352352105055
20.152210058873493,-135.4689530522494
-30.162117840400697,-40.96246530714754
-84.1371526065572,-81.92177354286794
80.66833550579824,-11.688774179016633
115.67155668631352,-134.98628389939182
-101.00751276272516,-36.649502848919624
144.4119970242404,148.57139609239078
19.26036744798293,-98.04917609317047
139.52072344836205,99.36204007201331
143.1552013508187,70.42188907797322
62.085265247639114,74.64361432870331
-112.13841558182858,80.57242949216553
51.16342035029308,114.18420169613165
-27.021028244985885,-106.12966865332068
65.20747993340947,-133.43791516692926
-46.54832812515271,0.406561400105403
40.943996802646126,-11.516371777972466
23.284128798120804,5.496228286537672
-106.07215426887336,-121.77577335604032
-126.5292704569812,49.61679409834298
135.8980242940384,91.30506694127453
-37.1108602668552,56.20693424090928
-141.0058138438714,14.89043176301962
-98.76209127798384,-135.85110682542913
114.55831938807319,118.2807217113384
-17.624093421919383,35.676422784181426
45.44914760711359,63.313312698754544
-32.6285743961441,104.8906463816028
37.461101221406466,-2.0642406089572773
-31.811384383688548,-56.32012114019447
1.2249766676657146,115.27017774526433
-143.1162353876393,66.20467634627988
137.96082581247998,124.15102011166175
117.05409431812723,-111.543144578536
-2.782381584000575,-15.184800911341995
-37.55458611957823,81.87934821849171
1.6504849628565808,-126.57940258370222
64.30156357838632,86.12341896669119
-15.349311674792233,75.1312974093374
28.969713818465408,-21.05469057119373
-95.11044411104002,-138.50974153973831
-3.0587160874289623,-88.69814411445083
44.07851041036864,-140.6964101170963
-103.23647302370912,-83.92476460411626
-34.58354023701703,-133.30606337755702
92.96589211069161,137.78536468276752
127.184467621853,130.21372720476046
71.55675134536082,118.64003887956221
-146.55167769944202,99.18766372580995
122.10975273836715,-125.9855262675685
65.17750056002717,-8.842394419475909
91.8772909598841,-49.684668065813156
64.05252738364794,107.42440164393969
76.20033638594316,2.029707913624037
101.55034067494213,-120.86374947681874
89.25790251373442,133.68512007247756
-6.337320262131158,61.27613749040134
42.571471112832114,70.15503629044824
-22.76854493821716,-1.1917010795239094
-109.05646660304691,-24.187947750939273
-86.40140505519341,72.73377687930645
-110.17944850324542,-136.4496487348525
-132.18469125415132,-52.89969435182957
-127.87284318413703,59.029877674770006
-27.655547180278475,-66.97198146430678
-102.5550755482316,-84.03625005916322
-119.3778328806738,-108.79128607966007
-77.36005000748307,-133.7702152743877
121.38736997097175,-71.95949173408631
-108.81896294866993,-0.9168406796942179
-94.59826617963367,53.45181508076311
-50.06006067754457,86.86460637245895
-117.4205660050349,149.47924536105586
-131.10807982084918,100.65196193535178
-51.78638306477956,117.23649392151697
-46.87560661779186,149.36213912991082
60.3167384505044,36.38065935289217
-100.26555664930194,122.3556905440123
-117.65661564534398,129.83227863234373
-74.4617775332746,-46.65524718400705
-59.71484078990605,25.084364524034555
-8.07929413251594,-134.58795132264447
-137.60073020252256,-8.469657295556175
-1.5415558730911698,143.49851569599383
8.763246929402868,55.28905657666303
-132.66028925943309,-95.41784763153856
-61.70968703888404,-143.07713585396905
-75.4143173337,-20.46368758766701
-28.845592930959057,-76.56643742166652
142.47971915288463,39.04826278182745
-88.89875282290424,-3.330602650923595
103.53859838409335,-29.227100099805938
0.3556037097933711,44.953870608605
-8.053153034343751,142.74576917676285
-18.626270696553632,1.2243237334185721
93.69455712717192,33.258277062516214
120.38546402180503,-58.770628926800356
-76.3821838374387,-41.075942457931404
86.93580993282387,15.434334530451736
-25.805945238266247,-52.454583662789574
98.26270784653829,-47.82802770626327
133.168345191345,107.50940774912794
-142.13716907823112,34.00510741157592
53.82905578398726,-104.18107896867443
-81.35041517540452,-58.442305579199356
-133.2095652434634,140.49805743642077
-32.007280735585596,11.616849123506398
108.77862681729698,95.48969748025215
74.48401938052683,137.04010740117434
148.35876184296433,17.573918577435876
90.2097359948632,-23.378460959108963
63.25286971653159,-26.848264868887952
-26.46636643849814,-75.20558026018517
74.95552935970687,95.91856621623847
16.451764177862884,89.18324543264842
121.72294820624796,23.098862925599548
70.65997107799237,-76.5563078889906
-133.3381499792857,148.09526228394878
-4.990847034214511,-126.7921712853659
-88.50471503445868,-1.846666541815381
-22.81268888535446,40.13617355614866
32.065359600777214,143.97768927965978
86.44416471443782,54.08387869371512
-81.52746582896103,108.32635356695891
-104.57490646753467,77.3396253379317
-86.0556357669077,-140.7273552627565
-89.11980650372598,58.21090145287425
52.54332624225947,17.528729441520312
106.9591055814916,-43.13468605978176
21.428963258136918,-5.768790140839656
-73.56377718324345,-123.41950896627401
-4.810712559443459,144.54906369750125
51.38616263295651,35.914324916054085
9.005415132158248,-18.99865422334696
-6.883456452748959,-97.13467078712426
-2.766753187919903,-13.004270621371148
-105.5269797273439,-0.4531586970452395
37.42717131423109,-140.88752724283427
-9.564909579132006,-97.8195601289189
-27.324368781345072,-37.5667485243079
-57.91855164234295,145.23054317025412
-124.85791561899464,44.18156280537485
72.47417170585464,-124.10274449758349
140.78884212025395,-20.001555168057905
-71.49384203837444,69.78049959548954
144.7252085394246,-23.254152045195895
8.470585579860767,-30.444159422416107
53.05167223105522,121.08900704610738
-80.55275909556954,-54.082845089666705
20.14988054847433,3.580861649913601
-70.27745589699126,47.10004064245234
-136.83827509084145,10.268077842974094
-79.51267010785725,144.84266191816118
-49.26529845041769,95.00640713717411
80.90562702074465,101.31590112350975
26.44121198016839,-139.67133849849958
58.98079564867405,-119.30243015192464
76.0115910944861,70.45424076749464
77.12167979834402,-110.3086537002087
112.72605052955925,-97.34320435349389
142.1435891800233,19.854572041727494
38.6645359853093,24.951184527933123
18.600271438910852,140.36292295818424
123.81357435072084,32.904434153737924
-88.43612744815685,92.33919674799904
-133.99511759314007,-133.49493660080182
147.85390602914413,-149.02106247610263
-61.5836723402595,-75.5653901004285
101.31365661765608,-123.9346336364139
43.509145443929924,142.17090912839234
-143.50212954639616,3.6324375246350087
-139.5121476141493,6.99647476945259
67.03418836401283,45.08136219745924
-127.64715568540818,-100.00136203343735
107.84813815084266,50.270837642561816
143.80042063304444,-97.47267029135709
109.63026535722776,-24.04775606548405
-109.03433567067026,28.606583948334816
-147.68412980128747,45.9533737976395
-80.81508120298396,-139.04882353705548
22.893027701616603,39.37726708967281
-98.03036901726608,-127.81557109037837
142.3876431919054,143.7333919608604
104.66737372174885,-122.07909668945761
66.11176387157707,84.97671022157931
49.62829519462721,52.27557360584845
-42.07480314293201,82.56805397963498
-83.09124195917248,-14.25516730922439
-87.40792082370166,67.55302562615404
24.66684998201626,147.0797801257421
-7.6165946579195065,119.98378733954917
-90.14447690192534,-81.34104762683901
-76.98389241839541,40.62695246234756
-124.10263166132611,7.868261847382655
143.07718349635957,-148.61632482927234
-102.26725889793256,-6.805833517035637
32.960790803344,8.395486469247032
69.40625966248393,-89.71952937770108
87.95905261666601,58.28331608888752
125.75824258970141,138.7612235582405
25.020207491649217,-31.457946669540505
9.051871998980346,-43.2050324884909
-133.9820946061755,77.85709402730362
4.879167127683871,-37.38910096197499
-134.98042289367243,-135.00084894471038
146.47194689754917,104.5162959406058
65.65558227598089,87.02514610560723
-2.8590538508798886,52.34048175170361
142.01988087001615,91.99712294924876
-76.08507914069244,-55.78186838604793
59.89160243749788,-92.78350208838393
-83.37969008175794,141.09320098742586
-39.18422976246222,32.81942416851871
133.06221371278843,-92.1860945580564
-55.63769832568103,-21.856607470517133
62.526772219119806,4.635399720328024
-13.421974980116005,-126.52307008318635
-53.32737430111271,65.07721111360598
21.3392905688807,-70.19243159569662
-143.57882363574248,-99.62819156270928
62.818456307530255,-105.13881971861022
126.88577659835408,128.94426243715918
72.9520114230078,-19.65012173670533
-44.07490102257589,116.10366343018188
100.16351852236963,-41.74207194326159
-109.42164515727129,-60.381720449442284
82.86825681168591,-38.8841429981901
6.781625750752539,18.192019875785945
-39.60876796579828,93.43521998755065
34.0536299449866,-30.622061369093444
121.31544341157155,111.97427258273046
-143.22781821561222,26.044649483775373
-133.81719354524796,91.13322160170691
57.592801457512735,-138.9503217647997
6.102430213291228,69.17851922079888
66.49041891770713,98.30928371291876
39.06039467465712,-69.76508534074894
-121.56077685578947,-143.75602888176593
32.463105785787775,-61.84827771006438
85.04133120704299,149.75015430646278
-139.36472057495487,-104.58694954313484
52.785716926624815,-143.62755433698436
-142.17009755205626,69.0282848371615
-18.594395180371038,-122.05096642465601
-101.7996058054227,-47.85192686767887
-73.53266363819061,-88.83681726204239
-111.68980050476166,48.251768117288066
148.34211703195035,85.90774353149226
120.40710837144644,59.22577188100823
135.91151161697655,19.4477863754407
116.94460507106169,-135.4867233730851
-52.174825138914,-94.38602047601921
116.70224312175634,-46.33988763647321
114.57737640852417,87.29844806324863
60.01886763467928,36.2501692971621
77.50597460611377,93.9733077085015
114.78652770964584,62.38013748342203
-131.94730467585646,121.20001545190331
21.288085092244245,95.08483718274312
-138.227089062322,-60.436434142982606
-28.802685865965955,-16.45688987145735
-74.49784767660022,77.41563538218676
80.79971921162837,-66.25551994768514
137.69486196766985,11.467497645096273
121.09538330798603,-32.86922818445444
-114.16804994581206,73.48358742663669
-8.34251250697946,74.89560988414473
83.98045194486991,-5.6890974817039535
112.34246117220187,-43.02278664027452
43.23078036248842,-31.4649707877591
-81.97205734007264,-2.0392706623939887
25.205155271039274,-102.21847222725003
79.09356235382185,123.32154708450304
-139.35743233787596,54.307934077530064
-132.68639834531683,-73.24248817024933
-134.8738684438158,-67.8258539037619
-13.033076623953434,-29.382145555236207
-127.51030306419028,-17.095148716140358
8.221270107410447,-8.073273740716814
-68.77259426385093,-45.79165939224727
138.37759780647133,136.07306267185277
16.60371648694837,37.23516700552403
77.83537860028824,-136.8691853426887
58.07204154960294,64.6477387911064
-121.2811827849699,43.66459235694603
111.73553227669532,-124.21085359498657
117.59572866049905,-16.34846454798955
52.38315119992504,0.19731749679306176
106.67421189242833,-145.00648570162608
21.51828784941668,-72.63998781495665
-109.06561118006547,-137.61386063859382
-129.65547219334155,-27.99275543206926
-129.67880031338035,45.99284216843941
148.95974396958843,-25.565605589205404
-97.6165398450211,-82.7026543366098
-131.6388264550384,-131.68000752820913
143.48404975721837,-133.49885389809216
-81.57973651529139,124.4427450752147
53.755756736132895,-28.927118773966285
8.792666599934648,3.6079710555309816
140.3452840096586,118.62938028400106
-19.245033993014545,77.95486892145155
-37.57099925226302,-146.90930365628157
-95.16166517546947,49.41707565435132
-125.97485050789176,-138.715491650705
-82.99677398527527,-12.296481878836147
67.50832821948313,91.82901500312843
69.36497378351018,78.33154942500676
-57.1310431092229,-111.64372542983132
-79.75700126968029,-71.78118022017918
-68.6597836204312,-148.768640184423
129.9640936625118,94.06810671385938
149.52071072080037,-20.494240932866006
34.52429474412838,-107.59738621532165
-37.42713728058985,127.71500807494874
-35.96839271746806,-145.95196013345907
-56.99303451094161,105.43748361065954
14.754898206204615,-24.255490694317743
47.92277822959542,-133.41069366302779
59.530194861296934,88.62965185032132
-105.57015027151526,78.38696202043337
-27.34317325723616,94.95473042453813
66.5706972408127,-112.12554971346955
130.35348699188108,-4.788293208256022
-147.57370171640028,-141.08256758980548
143.90814634732328,-51.551434115249876
119.1754035679794,-106.14510211605754
86.36392376591479,26.596447805893604
-44.20408248364224,-27.316668127279698
-70.66057013568674,96.59664697010535
118.64314177703517,86.5779780793292
-45.962152678483136,121.9426287923011
54.51719812628997,39.349113368051235
128.0586155982835,-25.319694817890323
78.54807038253469,73.46640495232495
-38.119148615693504,110.65987469376347
-108.17981737788722,51.680006945893695
42.01617955661615,57.54816876590823
-127.35780293770897,-119.23889688242294
-87.086384182897,116.68160358455856
-148.39820885856741,-81.29472290569643
34.975573245886295,-104.42343159570902
-25.593958479425865,-3.345573337990487
47.09800762952818,-102.20780135514227
-28.324785360451415,93.09221888605407
-88.69813604767384,-20.69395767450186
63.8946261810151,-83.44063949183365
-96.62680643956548,125.95998247467116
61.03316860489514,-93.00963860422783
-35.795040563992686,-80.25557161608725
-75.06371449932821,-34.374221681120005
-23.73971609479088,-119.81675679431692
-109.60777536309027,68.24394382297945
15.713291462985012,109.91506551733477
-52.66125714301192,7.832880632983432
-140.0432601361608,-59.501082183564364
-9.41220122439961,-99.64474332882864
-102.85828113130148,-60.025357297759
86.00953062216416,-69.67048379538001
-149.35228516957875,103.87099707919691
125.11546811372938,39.44946045594685
-16.60023076015628,84.81804526145072
61.24496205925675,57.94489882279274
72.48682548068379,56.67931264592596
-13.701907623770637,-131.286678400888
84.22391710138382,-14.832756084326405
77.69535001880627,-54.65144520689729
106.1346971652797,-107.7459496576225
6.919043507359646,89.00006722116268
-102.50638573960933,7.536801129294332
-9.433219002022355,149.03208716591053
-41.255156561744926,126.11435627195596
-47.0568454681153,16.807421798524047
18.279129285370033,-27.19277352643313
16.963328420705636,-55.20998412101366
-96.2550945212833,-73.8881553341242
125.52121671168419,43.58765936930101
-20.430957612640725,-50.943925968427706
114.34593632424799,-5.970347014400261
55.80369191000429,126.27388635511477
-102.78969108214824,121.79356838582282
-54.39174744576883,-61.202605355437214
-30.009267943382497,25.856669642523144
-70.5272968852853,-18.431229314931784
86.60398388293606,-108.43851993350405
19.861712137538063,-72.57490256950842
74.78402319963413,105.19314570447713
-101.49141227302074,57.837638919134804
44.48825844795567,-108.20637030632301
55.857584429926675,147.14800553375682
139.6476598713681,52.42938671391744
104.63953178851213,-117.15295433302094
-21.910249478717503,-103.8391395709223
62.04706449280354,18.443441360827535
99.8455188381536,121.93767883990529
119.77241013815313,90.07864685577297
-143.2172777478967,119.44214478529568
85.16609605756844,7.118997008448048
-78.41939609903498,101.6849330025536
-25.493723414521767,-74.75030819860713
-34.50929628314657,63.00968209617196
21.577498922770474,-30.94956875994113
-97.28613315837467,-74.89576706666293
-9.72540973988896,147.01019035872486
76.89643000818347,-22.814593478802507
41.73973039043642,-68.99987407676882
-137.30883645284152,-6.775576722961006
109.67807745613521,132.5739282116965
77.41455894796803,-45.424486812834104
39.941656185698605,-46.509208021750595
-89.62416420209601,59.76703646529921
124.47113145425726,-59.38068437958995
-16.278409846865145,-13.203198057565345
20.10471472779483,-86.93583660285314
-21.156336854243477,124.18015305010198
-141.6721769028091,-28.648971756504224
-74.0839495057245,13.860311677504171
3.589414780915803,36.01060738166058
103.5288141644318,-96.68226538422721
-51.26719225214663,-15.831977140574935
-107.77682557586503,67.41205649727095
-99.96450264592463,94.67602290292982
-64.19287114954184,48.5236435352972
90.70853318701296,112.80650421206389
-43.1471538950006,-44.906554712851474
-114.76899137329879,-118.04223863660044
-10.47071302687732,61.24595963836455
52.68783445862891,-109.49501255348682
28.95576117894882,104.40516495707197
145.52763794783448,-135.40298484102505
61.847325483574735,-98.148047557849
-47.35779009776094,-9.906772125949288
140.84733680604205,83.70273306945995
-132.2359569629424,42.019785840764285
11.633992763120006,-19.89764970552406
74.68824750631791,115.85848447516997
139.87028825131006,-30.417248010015456
-24.294431307128633,-9.925599905306996
-78.44220178900115,-85.97164747367756
49.42902654018195,105.45494246656025
-7.209569297340607,-52.11129639386817
-5.285275712081187,33.00382353911729
-105.64603761461981,13.814978117303923
79.47762080908817,-71.42036763718892
89.55638764598058,-54.678806147580346
-103.78076334899941,-143.1525339275877
133.75911045835852,-129.43443143266086
141.7182112713171,-116.89888097184797
-70.24224494855407,30.368730503048937
6.3720527476610584,-32.56910585236618
122.64590742502429,-116.5738065536577
-38.113793010261006,-61.00727946293509
105.26137669090701,145.68367211521394
-41.57599815231988,64.29431532760486
-86.48542784364308,-97.87823360030183
43.16442529893027,4.673894306811775
17.824914660926254,-16.93498332929812
16.730866909788347,-7.899443085844069
22.316497744378353,14.975063130445193
-95.73082612070372,-124.84730740874454
121.03192656831186,51.15971630240412
48.633200803597106,106.82687309959084
52.01172512821498,-44.79742304287893
3.3732805646816075,118.8960609517448
-29.366499987638335,73.89780100955659
99.60856800623276,-45.491720362573645
-62.8064570927103,19.387583570169824
139.68085544367767,-72.89039248974967
127.20069786421323,15.804679213424265
-4.567157657591423,-110.8357162365274
-128.3022556321831,29.72595687039623
105.89093217942997,-23.02394471272126
24.83681705661496,-102.69015078911875
-124.84414683502304,-25.48736931243147
140.4550390470514,22.330229356240267
62.63314043517869,-74.82916860809716
31.434838142474092,144.971188305375
-39.01431274619317,80.6705213588551
-12.459769833600461,63.70438599699071
98.79984379168647,67.33377937538171
31.65715837224937,-141.73640188318666
113.72959587071148,104.59820169584313
55.98943929560059,147.35948301737227
129.0228851966055,6.53988013771874
36.4835796776884,-6.304259139901802
-18.338120283045612,126.48267719079206
85.75572031577784,-30.936675292135334
149.92472626227277,-90.84622678800217
97.7705978436943,70.25497585734689
-2.071637774230709,-132.59061795733442
36.546166244351696,118.45860028969253
38.34998902473998,-106.0316525991675
-18.488533004656404,110.89610310078734
8.910750824384337,140.11236388680084
92.01356293019185,-87.58850034730422
29.871182767664436,83.07664401110318
5.120196394580631,-124.03973747344446
-86.68530015241554,-70.36634077361255
-69.8112666620835,-147.28920815844228
-103.19016680553375,116.65658482984139
-96.3407037533514,-49.7357273665944
-145.61955922096644,119.27970370950277
126.78949208323985,-32.50944732961166
81.21416276514267,18.918612345942847
-79.87267313761576,5.809934417028302
-109.95253788787596,-49.99752139359214
119.62467033311214,-31.144590269501535
100.97671367425315,17.28016881780877
-53.598007190929536,11.683314033354463
122.00476638736882,-127.74691233875481
94.98967064015463,-147.47832563750435
-78.22412453838675,-107.63032195476609
-29.639582159554962,-86.55650504386
112.56052514686212,-110.7973903822863
131.476693720127,-112.72603283177465
-82.04048145577984,-68.97022282226924
-121.76573016047033,25.11429288144211
-117.9522283275711,-90.11837003125785
-50.995648477450345,-54.630406440455374
36.35696898388923,-124.83305209545487
-64.28296152395701,-7.040043479017555
6.694221693685023,-18.807638248041854
-45.35488087202431,96.97019341988815
-54.107747462907824,-15.540358685733224
9.8874740657904,78.36676290558782
95.76107343432537,-103.12262715994981
-78.68041740531997,-138.33007675218002
-109.04817982676977,-140.948292569756
-86.64119692931365,70.26870275890082
111.18087304748883,35.88845827543051
-70.26713476905861,-68.43630625821955
85.7705797609747,-129.26019375835025
-56.42844227769537,114.97622953666001
119.57470254124831,-96.78076561859612
-123.26133197130956,21.359442215865243
-90.41593748763529,-96.91009958278437
-1.1970197969224046,-45.00001916368588
-4.923894738120367,-145.8995495203343
87.2024619323951,-21.68205062748885
51.10561005813702,82.41524659527084
-91.35220254786036,-58.08960237665228
49.23506205193547,-143.09204257023927
-33.8343822494312,80.99344870780831
136.33782588545472,-4.700225320193454
-96.28896062269061,87.73088691073468
113.0640334379687,-139.66025631187875
21.143200795977037,-32.25088487022893
-7.933556445421942,-122.77400393962775
-145.14257756869915,-133.48169879417833
77.7383670619482,-104.11080944419643
-114.88009399878567,4.633221651345764
29.266068475765735,-31.195271681689974
16.990304441764437,80.21543028556974
36.03461852564328,11.984767103070624
-51.144453467008134,21.078286766194026
81.34654274342316,128.39230598330641
-59.15953312791548,-106.39726160321084
-38.05788786144562,-6.293724319302157
34.21672690200782,-77.17172542394681
93.25684201077846,133.710279266552
-108.81369145455794,17.81368184077661
-25.22924994023971,-28.218910056878627
-46.920362082920704,116.17673797632011
1.5570260347575697,79.34728144877658
5.478960047659115,63.40915830136308
45.80197514731583,77.08248224466163
-46.96971983721235,-147.2135643317701
-19.679965312722288,16.9427501748321
-15.309493589679136,29.783066929591996
-105.5276412946892,-106.06339369104569
86.60019000696246,116.82469819926928
-85.80214319693253,-68.10297713556693
91.52773814979827,-54.92668772590228
-136.3907846801393,-104.36129367939064
-73.19002555087825,19.274281193142798
67.35582528132448,35.9384421452861
-34.619789136032765,143.38159014076172
96.9004547422528,-47.713431630128
77.86292615106174,146.6128016309229
-31.932538206716657,-128.25160234870697
-109.73738631827266,-99.3095232710869
82.583231967791,-81.4124652842063
-39.91478734680028,143.96514639703446
-34.89850769131732,54.61754100736033
67.83314585724179,126.27520779384287
99.67860861260868,-112.2200474016214
61.36762987908173,39.13296660289467
40.53825564357206,-52.3907622839305
33.39923513175421,-142.03147018243814
16.74716183412633,-81.39000556569484
71.68769507829879,20.379477579443716
-80.91280860729103,-43.54970229689033
68.31470411896902,96.44604432330158
44.68233476907042,139.16903369172326
120.29065156624375,-56.42296562794763
127.48975138953693,134.22590483875786
4.298114709249546,-143.80211852130046
-48.58828413297488,121.34551830189241
119.07487692094963,148.3804765743917
-90.44194597952455,1.691514868885747
142.86532410673044,5.49978165273933
56.568662721460726,-115.12111298877679
31.105085780199886,24.350615949804478
98.93119694007939,-85.2784572333529
-103.16158606145794,37.13741105812565
-102.13898258221995,17.0321233353595
-25.54296501115941,50.470571135171696
113.22154092759922,75.07573125647184
63.7157208631551,-132.50162125838187
-36.976732018584116,-21.21616621933549
-138.18385261557344,-122.2497977670136
-42.81782891847212,16.334197388469335
91.54188862025543,-14.270626344393122
132.36009568103748,106.77645765160617
-55.083359859513536,46.75223281115544
-104.61680298619052,-149.62545364314695
-91.39114394721273,-24.55807675523721
73.20173064891793,77.39103333786684
-139.4708926545589,68.48757054781177
-145.71219319534208,72.80329816909955
-89.0347379489042,59.37653286917538
142.67961981968944,-69.79031964534663
11.98534852006793,11.237902574723392
122.69448701222268,56.54881761607942
129.7173344694407,121.81029066652565
51.48500746854222,-40.68149542110366
99.0825114523794,25.640544880117204
-58.40176536661872,-60.66319607240122
99.24549358818072,-88.02451252886664
119.95236455837892,-108.94460098589224
-67.43469471836953,-136.05148818853328
56.092705695284735,144.88938589075275
87.40359758305996,145.82583268365215
-74.62004629810882,51.301227614212905
-116.39661352225907,68.21566154325441
-70.80575543748712,59.447619384151466
-61.274816930405024,-49.32362822439919
-125.71359922711406,-75.75815112327346
-72.33898267097038,43.092842226751515
97.58990659259737,63.78299207346987
94.78211885125663,52.02030382484992
-137.33091947094226,-52.376867066287105
28.078413907218135,0.11589385967945987
136.06086795084747,20.108361853744185
-95.1256156595582,-117.31700195715419
-95.99321620298232,-15.01793017201669
-120.53450347853664,-32.84450941828453
-10.42343908176494,-22.298022626313283
14.509409626518107,-56.25227467506623
3.07299456140683,52.24421949087838
-121.75045003184074,-65.09879588376131
30.0901402837913,11.38990570925796
-7.745395764367203,-27.923717354334983
110.34501930003387,135.17059144618503
135.56057846279077,93.94099507089939
-88.79226733971136,3.028860906475302
-131.8946584145285,-93.64076591461762
-89.69683597052399,-47.02677591925777
-63.42613390457238,-89.63492647062236
103.94057591101935,-71.4271041140698
-49.79262660203506,115.21751098670848
-61.83702107098266,-73.24334699398356
4.464824517998153,55.06003981268415
-49.914727881941914,73.34930933078687
4.312339562654046,47.359768081337194
44.01939400833291,54.048252751307416
92.24452385528338,15.888806283029936
45.54361546430678,-64.34034949441961
-96.56720512975602,47.9755718307249
-115.3187227575591,136.38866813696234
-56.31787857135764,-125.2880520182801
-77.18219716966217,-50.99001726688887
-79.70701793018642,-84.86340288997695
137.48593006369344,87.91104977895148
83.90084754179651,135.64565461095395
48.96111145229952,92.46672011577223
128.1378652792602,140.68468021412457
-142.7271296859778,0.5759960041411034
-129.72669633266975,13.943885010235675
44.79033432486415,-112.62563656441927
-56.73074603069786,-83.94446197296362
34.949404320260754,25.572804686509443
-148.6346359795863,142.1815489694368
-116.7361972590964,84.8188991836561
81.4800809873407,134.8983444611892
-107.80189150352366,-135.01820331531655
-55.96429018616742,-76.23261381910126
-79.63094065866032,147.5784236839329
65.75060543302189,142.7592571402041
17.740790946385374,40.06065837087283
-84.2227631025817,103.28719886825331
51.93420454715337,52.45040419299818
82.93219337559287,-118.81553778453345
67.66509132072264,122.64822328591913
-69.74790923401713,-37.70525323442577
75.54316530176843,-99.5601707197485
-11.272259866083942,-95.70976298596878
91.6546944226813,116.84777897484258
120.30289623503677,24.893422876648174
-0.633879534998357,20.264267156952883
126.07902282554,82.47763508628148
-136.75988019339843,-121.40974331134268
-34.76647247093848,-149.82895345908034
-79.24969531438425,-83.10616871575877
52.03221443328917,-67.85459144946792
-103.06260129553725,-110.24139461460258
43.4847988839129,-2.71110518460344
21.376791832844475,58.54378399476107
144.10127422933152,-116.36207844745459
-147.71357610736828,115.61016310711159
-57.648033648106306,-80.74988548578682
-81.35307943274441,-98.11623564815432
23.04988647666653,33.63900558812412
-20.391905808025513,72.90552650393755
-71.98616461307228,27.727719512429047
-29.700778964858074,122.93926212317984
111.47520223674104,-133.96730997833896
-93.53572740739094,95.77413201034216
49.56249953957001,-103.39274128192572
-72.16815009959822,46.39123691768157
-115.59952865331837,-97.194316708163
-3.466229196730552,35.999988481853165
77.28244027338496,27.166528582865737
-35.63203516092803,121.00541844835652
28.752760593682723,-4.182769411389643
55.483081364264024,95.45136794897914
-52.6883895358843,97.79119380966159
-28.691915719193418,130.76658139728545
53.47685606180295,18.88303171766063
54.09477613794172,144.5418876560147
-30.57065101887075,-2.4939708337264506
-72.23270339327861,-84.10743158420095
-72.55295611922811,-9.009904988838002
-24.56759628116518,71.84419142276298
-53.80103266012641,71.69863302993016
34.142091965828,62.83295675509643
-93.06368898567204,3.942815797123899
-125.79290538717392,92.7016107513121
-148.88286555152203,-75.00640847893499
-79.41577379587702,-33.60710765029049
-134.63187516731435,-101.08624926827704
-34.26768667866676,33.74985856030557
-34.75067489452253,96.35193646042976
37.06354582160267,-111.07508153424205
66.43148108514188,146.27102443166473
69.49025647177021,138.090439315597
123.60794792823492,56.15015836624562
17.686873825858015,105.39772417421759
52.51955788702756,-104.28296436515485
16.061490537243202,21.702071449238304
-101.39128706665156,126.12781809181985
-141.25150068273265,-121.1208009235628
56.00906941617234,63.15561095521741
20.107522975731143,83.23656715829159
45.735064972809965,4.024903909294551
-129.48885190057652,-84.90962529113804
-103.63907464216216,-94.73130632422655
29.79406270265548,-104.27871219076269
-5.680511282962669,37.32418498213053
-49.58478023977841,-49.34536672603697
101.23209745027793,70.63061440759307
138.2982482303836,57.16089022378415
143.3605640059546,84.44733381412735
1.934918666826718,43.32034237686241
94.89781132789528,67.20428683874718
-75.76411051436244,46.17016953635962
-52.31553045223417,124.47792276867926
-100.7838935760079,-53.39680542320232
-121.58754816499365,-16.039748298760543
123.03639492140968,-91.82554550627987
62.70747614494391,-93.86217450425441
82.99495771479079,144.37762812337195
-143.9175473849285,-38.1145103590664
-148.48119690188577,-33.371535114838565
37.83304469978816,69.89673854027527
-19.419270250831573,28.340361051102406
81.55570898043061,-144.71971901255947
-124.50360758567187,-59.32426424417257
-88.74671550513716,12.693517814358103
-144.88396593834517,-99.68782952512275
-107.15338417834931,93.64877360247044
-25.436316989220245,106.74082444955377
-103.62577856157559,-80.00525666614296
-21.59679553415637,-148.2493649018928
50.07364482237742,-146.66527666261678
-51.0694950695393,-56.04912199742404
-9.55840417321187,59.755087929667724
124.85640113350433,-102.45487736953973
-24.91471507050069,50.786333085942545
-63.89437069377186,122.12684820949795
54.39746600597633,-16.518271010748066
4.447097305715715,-36.37268938834892
9.634673411752857,-84.31571612696001
103.21539425560064,-91.65309842866193
82.07685789126654,20.379584641501083
-128.51640674010198,13.85282382287312
27.524404952522644,-128.26302219046252
-16.42099313565666,-84.27104638291992
-34.91898782448189,81.96668386095075
93.09235790637925,33.585245252635275
140.28324107434065,101.9409716702522
-65.90826741608593,144.6906063683241
36.79494780638129,-101.327540304226
101.94780594458052,143.46527938911544
-134.3426525010703,86.1164581906931
-28.03650165213209,72.55224461671799
126.12134972219451,-130.91121492236897
-46.79215440736235,85.70798074061315
-147.87833318759937,-143.35861616941952
-10.381561282979476,147.6181796039172
145.42909321141667,111.9474987133251
5.157597616964466,149.51000786302484
-18.005608829312507,-50.49276293559278
-63.048376697705564,-0.9904432170044686
111.14083915839211,149.9234880496557
-118.12517170406875,19.176429145307736
-97.8441885856181,-126.46074195878417
-66.14278919961887,83.84969591403691
103.46713100978525,-16.45214012550582
-33.446638770609454,46.97323021341117
-121.91053738230092,-72.09981780101398
-143.98301410394245,113.32869213783312
120.02959834873201,-49.25827128889463
141.74906755522863,140.92801224874705
27.002551775385882,79.27309790509148
8.052182182683708,-49.02378654498716
-42.88854784240726,-146.85877125584005
48.84327873869577,88.10288968237788
-97.68953492853021,97.6728550988366
149.22831668216998,81.05317034557885
17.483311696825552,-129.1613392741221
-42.96116182704097,76.48356501861196
94.1374646445833,-124.99342827813592
-52.900814871135736,-77.57331515421576
-97.03345404773087,-87.83383990653749
44.23357798783309,-44.820059123948724
-121.01369196734008,-71.58672999652295
-148.50583363184734,19.44685494406798
-44.063874544786486,136.7145137227066
-136.36469816260237,-72.37139714121955
96.65007608832249,-129.26976975937822
64.53253388701992,27.106011441993644
-133.98911560374157,93.26741741859783
-106.12731937472839,-30.158899907407687
-114.84149152515995,2.4710394882383184
-103.61150901901622,-104.93440417884469
-123.3040051583705,-147.06920588301827
-33.686496008494274,66.19991540814593
-58.74939136834135,-66.50730911477646
96.26552547904026,147.2066171258963
114.71573374073438,124.47561071233207
85.77568182278168,-112.73167477449869
134.8826893829103,-107.36144186746523
-117.73682358323258,-144.4178592690884
-32.08041625783527,70.72315269841906
-77.00058651101133,-74.07157598393859
-30.452280962904126,-54.34525929242254
146.37009987526284,146.16115381567647
-136.89301793878587,11.023858435665232
-114.63419942298505,144.97653777754016
-101.75060034951022,25.186753584311305
-126.28145694632387,75.59805270624972
93.32634152833384,-16.525784422994036
-11.669378527622115,-25.465832504119362
117.3661064656871,84.49402551460477
-127.85215355223538,-55.58679316605594
-117.57608797775873,56.23476247839773
-5.2131840813024155,-99.58265303764453
-9.884403181975756,70.34417452013545
32.172660994308586,37.43688382505766
-126.08093968206539,12.552323025755499
149.76439132244656,-32.50846912905733
-63.41417615543817,13.61232214018321
1.4854588805023354,-96.52950181925344
-39.348331558194886,106.94082905812093
-112.98096865999116,143.68320795297984
107.90935650501984,-40.57990386025436
-118.4810699346626,30.9903718588009
-36.38766790335026,-13.459854986535674
34.84544077888211,138.74187468575207
-81.22844500547004,-130.4914263753273
148.9272585929371,-51.66596274738798
83.19326300036846,-13.645560005738531
-145.76071145777104,-105.44365251408567
110.35261274792231,6.69638071633895
1.2602335103993028,-104.81560206447236
120.53848669116752,14.035961941236195
146.9805763800108,-43.70161301682735
49.46310462404759,17.85276921481187
65.67396425470818,75.39171796409693
-58.63928276209734,-75.84453096169338
75.15176844905534,-43.909134061670116
12.155234110721949,-22.781983065043363
34.289512102923624,100.40606229085685
28.292771390333172,51.75156757728979
58.92297722352069,-83.34605341017507
-24.380276069076785,-143.47532236589836
-36.02501800160833,-58.291567418212566
84.16983032005334,-100.57176400630381
-46.812937467067854,-36.28870092035645
81.0969640256591,127.67297089786905
9.061798451078886,-48.97948901133425
6.725379297416197,46.370500819266226
-125.29789577353489,-48.17717391006981
-98.36536695940619,49.138986351660776
34.26554150688233,34.59665433172796
-71.59574288156557,29.135712181929847
110.85732737701358,-129.81994871790837
-86.81798167712739,37.616970591107815
144.49305065153476,-68.6175162195713
-132.7387341342181,43.484962409384366
-80.44327293781923,108.16768940926852
-13.299331435608792,130.68627371142185
112.52326500127435,41.21457145208396
-26.792516446844644,-52.261037296296024
56.70633347762566,-93.05184765621524
133.92751244475966,84.8315072896304
112.19662668916885,-0.6177969917259816
-134.52034928352003,-33.31258661580651
140.44613480285392,37.17655634513707
120.23413455796117,-30.545486171783438
78.52920289822367,107.52498851230109
-111.0674368000097,-112.0708955971098
95.18442363267448,-53.773001823695154
-89.21784124430638,-35.20401673518924
-141.64390530914758,-127.02180118865473
-78.50459024843893,-82.43547403455585
-11.553646855178613,105.70337902284658
33.64279559881473,-105.25319247267741
-50.327843541512905,14.310802103117027
67.86824784588305,-138.4949350321609
-87.17413496009628,33.78878889344546
17.54355065612063,-36.47019276041517
76.0046590228801,30.636138780620456
111.15351129353922,49.36677811218931
-54.93727053450645,97.65704303598307
118.32715581703803,99.10831891779907
-61.684809805977466,128.05908089751586
-109.63778989404656,108.83810974904952
-121.60472479582288,-77.0568085353337
-84.96037896588471,-128.8232803587612
-118.5686237295377,90.9318271101634
-49.119210844580635,-51.896219098686814
-43.85410425134022,-49.2666857325335
-4.540364136720598,-57.70333513234064
29.125003214316735,-34.05209183864102
-96.6787973141966,52.58537611649652
-49.1525503364206,136.63306837806135
-5.7333299716782165,60.82699536887708
41.76533360301903,-36.19247943466323
-14.229394063373917,45.1267813324082
66.2429451248235,-129.57815814804027
-2.644118824420019,-133.26326823012943
46.686333947431166,-122.20371222460903
-86.38351050282901,-6.249891648881061
-66.4919376710161,7.65217534816162
-95.2492773701752,-100.01391715004135
-105.25625323449788,78.34498784085991
81.99279692835634,-53.5828303793421
82.62639805846945,-42.24021114086557
99.52001304128135,16.5419296163997
-80.55966467568936,141.0892462130613
-75.0549783209892,-102.4134535214333
79.52128881349455,-28.41443284871393
55.00759969693328,-40.241895596982886
-33.66183929349023,128.03364764676377
-87.65196211869485,73.62612967998754
-108.1664292400009,-90.65991379430645
133.24270561273875,13.177296550468583
140.40443519291188,129.59578384841336
-86.99928368692755,-100.25589219811545
47.20137553045711,62.96770090789363
-53.15639012889643,-109.53361281996828
64.86880837900145,107.77713170696353
121.89200832139198,-8.666967048878746
5.799791004925822,-74.13692570756297
-56.88667463850683,-62.55859824836837
130.36830266923738,108.99179242046637
-4.966134776315613,11.634420033330485
120.13509642792388,-14.071014823618896
79.65367648855877,-20.951886923901213
-113.53553766846856,-46.996834801760244
134.9353037053147,49.34102173622884
71.08943319693012,73.52776583549283
84.50085218460683,-143.69158026911333
83.20841641303966,-119.06442467964109
91.65038179557061,50.29582048882514
143.40824323073815,77.33399593042225
8.980549402766059,110.36594852356961
86.3876429147947,137.96890945595464
-63.57964839895648,62.55391204533768
-99.71537411597154,131.4378768666569
61.17542036040234,-64.60081013375962
14.450544588670397,-140.6752230367613
79.28759508641679,-124.29075247952619
54.89920335390096,35.036655279323355
-99.06089298956991,35.314065818884245
-56.218150259331466,-1.6954146522638496
-111.89526125134383,52.11847840352581
56.69810067875318,-72.53971499878827
143.58142616228753,-46.75957956270783
-136.8108310159335,-65.8976288589151
10.500186089536783,81.34449012526844
-81.46380940142673,-72.09829179646913
-21.1087962814928,-21.065707447459005
7.904995155757064,-63.43306259357276
0.43459254529346936,142.48726693291883
29.974127298784964,107.51565492192469
-100.14322964423218,106.75169551682973
-29.13566008182346,50.77678999964715
-96.50023836080803,-108.36022664335155
149.04192333796294,52.288687034699024
107.25666729109997,-125.70072206637057
-77.64408871633592,28.3627913171039
48.247096586453466,-16.20788455893046
82.39988912879807,-33.15858392262699
111.03616996080507,78.56617671002849
72.24490640391667,62.485171314513224
-145.312906829517,-3.9140786231230607
-118.79999208832635,-93.69909116653861
-148.6152981780821,2.0734392102407924
-104.48643949765805,-8.795631429916256
49.802181262719955,50.191840655490836
139.5132012046035,92.18014448940426
-13.659677290878676,-113.36732571561123
146.9094769381577,101.32967809248731
43.79221415352643,-138.04426213939138
-19.902524865104795,-66.33019575592397
115.8163695545415,-103.84741245333116
-74.87711867654895,89.46180251599196
-117.76981338819289,101.54341100129636
-52.391242584567166,112.97877620402068
44.0352011091679,30.645761969801356
138.21322187630517,104.19132597315627
91.11617025949278,49.856846078540514
135.4922875260698,-21.341331507555026
58.66475337287176,10.448914119974944
-17.299871626012873,15.224750075851176
2.512652064884378,23.72944695440836
-47.15036861406668,-146.03666000878061
-59.241158591439785,-84.72500129274394
-133.03308013804693,122.16727964277158
-61.839228487360046,96.09800519351967
-49.364328911165686,-79.88259992724352
-88.39672231471448,116.91601634016826
78.80412690023539,76.9043495025434
13.668768594946073,-37.120262499026055
-47.82295792760385,62.50503038405495
-93.16306868399064,-6.99046559356546
148.40416477438237,-68.93103366398024
67.84804590425239,111.12397310092871
-2.0844866147351127,-45.46298696495839
-123.04101700871507,118.98249516879241
-1.0417947369177796,-94.15553850129135
66.39655166497002,148.65060108902765
141.43241866893828,-138.97346420933005
-80.00469242032399,53.653895890928595
-18.639111467960902,-35.366368104288
127.17344807470954,106.35436460977462
12.56888748722244,130.33738062949152
-132.89301463489198,-45.59922684727397
87.95745515885952,-117.90081459584326
-55.64470710055531,-120.54942998947922
-111.83773278105616,-114.2923119494325
-76.27611838422486,-92.44585260873473
64.48052381642646,-50.6677989007606
112.60213903703533,48.531769320001274
27.48972563337591,135.44533430744872
10.378550722718614,51.952137755627206
148.80800939698383,127.83364475786459
79.70680542789188,70.01204483424502
91.16502111399274,-13.22732960270676
-36.3508262806009,-132.7379664691033
46.808528390037765,32.61584287719498
-15.772646323769209,62.459473862226076
45.33438061605057,-23.204962286109264
-64.60371214460895,-36.94643744540946
-65.96476876240929,73.69814021422519
53.335123743975544,-82.59323572445574
17.930134826431697,7.147785750456819
38.926941964806616,-70.38147899250042
115.71146969536773,140.50928947036607
-143.04226440294352,-34.97901039651762
-141.39112655856053,16.469890984068655
-143.38676986132418,-133.03457657177483
108.66131057230143,-0.22021443010191888
-109.59561311483645,-149.29897315811166
-45.148044463831226,51.11018995430592
84.97003060403989,6.369573454362154
140.60832286185905,-35.27991600050238
84.01253849050218,-54.377521302153625
47.028578597224225,-83.95693539558707
-42.997680781743824,94.84746525068923
92.15838198772457,-93.71613281580107
91.47502029984102,9.514510565109788
43.72996395780632,-118.07012208485851
-17.83055173027992,-9.998378239241646
62.950220887140404,23.447170969520442
-77.64134662181357,-102.16296553967896
69.3399729279815,95.8853310274942
85.24022304827002,138.25745868559204
-102.70501590262754,-126.53863240867024
-51.55240400613408,107.82205540223691
-13.142938625405634,-147.34852882930264
61.573743727717755,-113.287844526685
54.28276867684124,18.64957941262739
138.1338156342295,-91.37872953637539
26.36690410670326,39.25413907928146
35.51245812917162,-23.55158666711523
-132.82775818101354,28.266014445169247
123.7088089851149,117.28528623748866
-62.47856468056891,26.412306072834156
-72.3293293051945,-96.85048815323836
13.825581384074184,69.2909056782774
-36.9086640732974,63.717355760808175
-63.2192090531624,45.31079331734273
98.38610328938202,82.37583550059878
22.604908481441214,99.6206088871358
57.13562229913978,120.22964228579991
-118.67402546192892,-36.830855576866426
75.00082309776855,66.91739667747879
82.41987937754038,-94.02126313869385
-61.634803564522116,102.9040741550534
103.57576530080175,-146.63609147431018
-88.60903179192266,-65.36589955127516
-149.24824580807552,139.3489474533351
88.09580463631892,-36.73718185263638
15.064142041331962,128.70997435753839
91.24560832229363,-93.06485069098702
142.07458266211188,-104.52284672447409
34.30254463134955,74.69832332231317
-3.339276497254559,88.4961540131562
130.1375620512954,121.51606275716603
-26.233119467400996,35.23366464447625
-129.5303615914272,83.22109670591016
-46.21892331070255,37.68112594953496
-55.3431720722605,-118.53023798766564
-29.30760623206517,-146.66073140184193
82.29514647853102,112.58943070610496
-97.72068372230108,3.889133183010955
-118.23076002589082,49.279114606974076
69.16485054871592,-113.09118219398914
37.49716310158544,45.51801378984638
-37.005571194474044,-64.65293071637458
-78.85403529969024,-130.0918443483421
-104.83080689566253,53.07945234163668
-42.119285208206406,3.4471524306671313
0.8558760257448057,14.296454500572167
-87.43480881015354,133.9396426732847
111.85270623508677,-102.94799863267193
-89.33725982320318,-146.68650334973168
73.37997283541122,-136.39956809864935
-22.29257736482481,54.111988548083474
-109.43934333406278,149.8931947489446
-97.44558038136759,28.84702208858073
74.40436996489973,-84.7139092895927
13.083426063982387,-1.3040477898739766
-90.84562593512067,-135.96034900847053
-57.78439713942794,6.821759505594542
76.45131690427871,115.31468746817728
-63.89457974803403,-24.432949551471168
-122.85115825476512,-53.58834732020425
102.02605430452567,-90.69282824024154
-3.276531767713152,-13.504566213786887
-29.365307690105652,85.27327246210368
104.686065752306,-33.1689049268807
-115.84243201663135,-135.4591624761026
120.807197766787,-1.868423958221058
-120.34589427329648,37.290392660296135
-69.5878403677502,28.94451136182292
82.11901467066309,-118.46259317030996
79.96243598010068,96.61432705525871
82.93825776334427,148.5041812541943
-92.74554213522539,-27.43006094763558
76.61299735564222,64.62082650023859
-140.39057887192033,-32.88962192908886
-105.41010590272221,-38.03805790790277
88.09540044434465,46.16075836447669
-88.96144649141574,80.98288620909966
147.8886920939426,53.726753982315614
13.791713430975136,148.34226607159002
133.81093269509205,-45.70602477519196
-89.20314642095565,-103.7805920051755
-111.81154711308905,-8.166691930054668
93.49324223502904,-112.54880776764982
115.13115790304778,-145.4890978775778
-46.760621129952554,83.70870222715752
109.50653309906659,8.196268658898077
-83.80942443312813,97.96486162420032
33.23634426904499,16.53271284640786
-113.98332840518594,-115.32523151828643
-72.5278246563439,18.074487699102775
53.809260320120046,18.800061732354095
7.263688081881384,-68.00415756258944
-18.26187321707991,-55.33139758481441
26.941306841069633,-85.10439778046488
-114.74507038790375,119.49124328244318
-112.4818755065809,21.396278056154813
-113.83563450197845,110.61623242540884
-71.51834719353516,44.65128681222842
29.030750604643487,-97.33375003301815
-6.813738158354511,99.11070879769716
-36.303894934338956,137.23636226916312
-115.84044465989001,-67.24690402605651
91.4039685509915,72.06807495946342
-46.916420331655445,105.26150500310928
-122.50744821413079,53.17297472628641
92.27147954396139,95.14647698824982
115.15454013288809,7.469731871358732
67.01301242726859,111.83895793558617
-108.67661212162275,-136.09632635182388
-119.98962275491118,-24.074277872121087
5.743652200663718,-112.31613978248203
124.68000207362502,77.01265374865824
113.71473973339698,-30.805459404465708
-22.943060389257425,40.399799749201094
-85.16791632768658,79.26272721080906
-43.29318056022352,129.15714711453268
13.745802249918626,121.28006063861233
75.52110888435092,-84.48567906404425
77.10407354400834,120.91139943188307
36.50620637892817,-2.520580029608567
-46.54543526850048,-41.985940366249906
15.297115982898816,-67.42821461045769
-85.89323855163856,83.14822978671339
68.19958311377911,58.34763485487042
54.19264901078242,-62.280843209137586
-123.28775774899138,84.76486344486136
117.83753133394731,14.899707422549511
31.944385469106976,53.67029750959881
-93.6578963918295,54.67518778709035
-21.631456968248756,8.136463609012793
0.5004602387330976,33.55622821368834
-105.95820809188666,127.70611145854747
-34.647904099460064,107.50117304501435
-145.636092403855,-51.873479576284026
-113.23094068160356,-65.75077022352598
-7.145671851528391,49.692452859155054
79.41601757788155,14.86951741684345
-52.98508864518256,132.60267857019886
-132.55744860950023,-74.35103660986805
-19.325086946787053,10.448317778568764
27.79375682608935,59.49585404810048
-17.676507057029568,-64.83454821554886
-40.73901279861771,-113.77624646830776
-43.201998277865044,86.29385895208986
-40.0878080733425,-112.23292240751414
144.47613631736402,-37.37915670874729
121.33254766237923,68.52308574138047
-47.242911068577186,-63.32245257500594
-6.917641022422515,-39.36038689232774
52.76042370304316,23.500485464702393
65.98850234868473,-108.68554140533318
39.24505492160634,-27.859427794041252
147.63313058851747,46.891623149399976
-125.26071940133916,-111.378542537924
-85.88675430847519,57.06825887749784
88.09363759801758,120.0479059521436
48.71749955632794,-111.05069679671588
-126.1328478328011,-24.15707681320282
-88.38952706768731,17.839827041494544
-18.482862998664302,-113.53378490849617
141.07049130553384,-132.8907295157762
143.6909246567206,-149.2447182420985
-102.0678676119625,-138.73664122732356
77.37520482517769,-44.66516845262572
-147.53759137639307,34.80497650237575
-145.7676213688795,-25.90639771359777
-24.54750491829205,-141.51432827729775
-81.04369098691893,143.88048699442982
-27.80780373999751,117.8798559495329
60.14415582414509,99.35567723639159
3.7747055210002713,131.48114115574714
-68.85525912502129,-3.7636062680934117
21.644612814757323,141.22116915034854
85.6986267298575,66.91123166940207
121.84502333698521,56.135426695189636
-65.74530604476779,-93.57857744814294
27.783060857123985,-53.72618341593932
8.94791621742894,-89.6719020526585
-106.41752548833401,-135.8846639392508
23.678987897484774,-67.24933092818976
-40.87802241927592,-11.460604140907577
-117.35781401437279,-8.366721712470309
-70.67239321141116,-39.800291090108004
53.216066016902715,-75.44963556701735
-140.19752816615573,84.31150675669159
-62.45468700980436,61.789751473046636
65.40099607947201,-70.25117231506695
25.55124295406,19.917607366072133
28.020181898559258,21.887837869362357
-8.077217386234196,36.11673042389339
92.65235466840633,-93.21849262444934
135.47542193010133,111.36320271593695
59.628091081964016,74.85580151331297
-112.78201299669911,33.13887693828909
146.68516460901134,49.146119811510914
62.174352899766205,-106.11548687291116
122.45387283166832,-133.24324016178034
135.52045187023577,85.12484975468846
15.152457700788204,-149.40129437386892
-74.21606173386654,-19.21990972895665
-99.41866185256995,-108.33211350056405
-102.90006963056234,-87.09236105599734
-36.25151992233316,-66.54786977156132
-32.681532463229246,-0.050733090852645546
-140.16436716810506,112.25750298320321
-143.1851826183178,-36.55677596598241
-19.54014305850683,-6.7944527914189905
97.01616865508424,-92.79398475310852
123.77154816677904,-24.331387717171253
-52.76349881030613,-20.502113074293703
-110.69888322227064,-73.21949401790158
-62.1705019067216,-114.68258909095123
-44.75542224849521,-16.03365929969175
126.73913394719847,-1.7908175239364539
73.35869902520088,-46.42034896673212
-133.8218985658976,63.231482397302074
-7.146665039935442,-102.78414479201933
-118.51873482766928,79.36516057457058
-121.54911208308701,-128.24462321502693
-9.45393377977561,57.19261256713622
-18.39568342030975,-43.23642361418976
89.97408710865378,43.18138709452171
46.0967655206768,114.45419046876708
110.17830334896655,-49.482484799237284
-105.1517477950432,71.04236152144898
-130.43248621062597,-58.58409808565051
99.25644073559954,75.263241003719
19.298636345527,-134.18652623167088
-116.47891364286377,128.34818025855947
-52.15407605063889,138.57670605303008
131.61523452398563,120.87648798264553
63.571378454169036,64.01301899058765
-3.4202174596104555,140.09251548112746
90.72215908236484,78.48377667969959
7.77924551224902,112.64469877933084
-75.77726992091918,89.22073839178267
24.053457520624562,10.441956955146992
109.69406641380118,81.62049255175751
35.69787209781731,75.54729480996158
-26.493371548301496,-29.372117434688448
-29.800797883250283,35.368211247131086
-67.38693435540402,-124.38904249060852
122.02358632793823,11.362777887933163
-112.95567977949005,-126.43981334843646
137.05506971203016,40.314643695723476
-107.3359328876859,-133.97839372216106
-63.48444298272183,-86.93338765328545
-131.17022066774166,10.833362115212367
-24.090538794405177,141.61256710407315
52.73842329577363,-26.123210921136234
83.44144866071974,-69.75300027546012
-69.82589637573757,39.335744494391435
50.6434050763161,-141.5431030458911
20.866192706624105,-89.01643805865345
-20.02326030815908,114.33863314921808
-22.080017118165387,-100.77979341514973
-86.72306980627765,-29.880840719477774
13.02379001088758,-75.26819902944798
73.06451759468769,-118.23928947587586
-71.95937093318096,116.60046721966006
-107.51562240941333,-110.64201460297744
-44.55145354678885,15.096047665084427
86.95371178309964,138.2372901837984
147.2146994627725,65.4466542939314
-55.47296300167281,145.4124596660805
112.23292881820998,-48.71170457027243
-110.12806268062997,45.77854840547516
133.41186523812303,-122.88134820952787
94.63614538724838,-77.34461272415972
58.11538060327953,67.66867053720748
-88.11055823501587,-104.02454574928696
-23.170303709671586,51.69562403637056
55.40648724407268,58.63144625310056
-31.556846732596867,38.642772215713734
125.79071779724973,-80.27007317604698
-84.99731277120539,-20.163276572198896
-123.71354478243275,122.49378544827385
99.9966903854089,30.411801564493373
-133.41197676963995,142.60417749044603
58.67066545944704,21.004714757834137
-26.57761059949698,0.9538633493529289
-44.47573327917564,-58.89256724948088
129.75739581795796,-71.69311758876101
81.13547598524622,127.46228304477
-75.26769559812962,-17.16825451515797
-15.161560394716645,-88.01836054091298
16.021433180532114,106.95467053966291
-99.03702978196134,-99.0533924057595
60.59082055489117,42.60183858858329
-7.8887130754241355,84.61056486512504
128.95840243258687,-24.616263305017853
-0.20079435327505735,136.5396662255933
118.19603167581653,-105.5845951590891
129.36293168665998,-50.34190718119562
75.08524983264488,59.86285036649858
-8.523907904959003,35.424156602154255
34.25963172860577,63.68936113311679
-21.094850632511367,53.59835730226362
49.69692173035065,17.12243277264335
142.26917457187835,-36.30883202217464
47.58306098737711,106.39306895538414
110.75402800093332,134.26780250216513
-87.27456963747329,-14.769854161155024
-77.51366388682955,44.99036456477336
-69.75334811669268,-50.219518001228366
-111.13805840080386,-145.56122901873664
-33.23254878475802,-5.434102662962914
90.87237459636438,113.13294774349106
-70.69940741203814,105.31894234689184
-130.76353804884312,-58.12770606783751
-115.1074131262104,149.07922348119945
-100.1541972938627,146.3714952598059
87.8496690336739,109.06266816012993
-62.42187819560333,105.15285498114179
-16.398907331326484,-91.59223178533165
24.043672274070985,122.13181107320969
72.08162671055808,81.96926438904339
-63.22266592826095,-1.799127710676487
-90.51329784349315,72.74445153937299
110.93050231031856,137.55675206025376
-129.379463457781,-98.74487177046274
-83.77362076931047,-58.87347521029412
40.3442925468342,-80.97963802220663
-16.53532379874602,42.970480337900995
47.47031750282184,5.0524748906136665
-38.768513678227094,-38.8675471749234
133.6334487053232,55.37017692393289
-43.58059392943663,-71.96834148697698
71.37890346620338,59.69811853969094
-91.48234569532016,140.74356336109037
71.17359748088305,25.021784282485385
-119.13017703027488,-91.6362839912772
6.3600658654396796,91.36617735614837
131.9576212796332,-51.27178322624842
144.48512759455525,48.751809239620485
-139.61469521749038,-73.28522767197757
-15.17670760040511,-8.667862356678313
6.876925422905259,-149.97719037521674
128.37142133292542,11.91085516003352
36.31730731504621,-132.1355786986885
47.44331935139451,-111.00883119432152
104.32888607260065,71.0041292577242
57.36010418964318,4.485171007543755
-61.46616181811274,143.77342453020105
-124.48502064309457,-33.85702759934563
139.20420577028955,66.01275603949944
49.41185547616857,94.06737786429599
-53.36566230717116,106.27287170238156
30.137033631693015,24.10645508229632
-49.032189095475786,-46.11831015667951
-22.809150894659012,-53.87176543019983
58.015039917259145,-122.12979202401064
-63.03725564003058,71.85395265419297
-66.49103766956532,-89.03193867398286
101.30271559465527,-121.06071746015961
68.08442719171529,-125.04267502277617
110.55365624330534,129.8309651384451
-122.8985299415786,130.12672685861293
-87.77349119735014,-96.71097598150288
127.52918000112322,-55.288946336931716
28.310402060886872,-48.497385040491054
-83.62569865067819,-59.827494650370255
40.89051923911197,133.68600874464641
-51.81578470181219,-148.37377493640054
-80.25101288205002,-102.32671311744232
133.41183526221488,-139.7576755806113
-45.77525316607752,17.515466412485694
-147.43231485994386,27.85528528156783
-6.861596880946394,-113.59247356699218
86.09707387764917,-27.478524498140445
15.882901865654986,-139.37696765407023
-94.82940511313174,34.22809595225738
120.11099717689842,-75.11241875235713
60.345072312933866,63.546181408012416
-147.7714804975204,7.82553841667135
38.762759890634015,-49.751352219400474
-100.97819855190511,-109.65353189632984
67.35666543388888,-54.2836695510521
108.3375009781866,-91.87312671077919
-24.781673526354865,-88.36398125887553
52.031462911509635,26.292457472030748
0.36452815023261564,-143.15583083619978
10.43031390542356,100.01326964187274
108.38929953503026,35.97915804570383
58.51075038494895,-100.25282293333534
-104.39173207931171,-118.07093072858225
137.19378609047106,70.57980473918354
-12.053449946985154,63.27796654355549
-143.16254467301476,-134.0068010038766
-50.37995854830031,89.5318571754093
-43.1236699541364,65.636934845251
-135.03594196080564,98.16418626401264
-62.449356449353104,42.92048085657842
124.80733099196948,130.29042348538036
88.01727897745405,27.011836551934948
85.2905095842691,18.323389353520497
137.35351861937716,72.80631918428301
-17.440005984286387,135.17140496413265
86.01943693340601,105.33523122356922
-114.43819023860874,-57.626995486236
59.25513831056642,-115.09335973815146
57.19483826106216,83.46889901978466
-100.33572739790318,128.27573983855387
-130.9785049911101,-44.77017246875887
108.49177755837042,-81.79160768499315
-50.71907000312177,-97.0930787895127
-109.18266385301457,-38.71940655966493
-94.91220595523646,80.1246817914049
-37.74442891444126,-71.57686284290834
101.23709649171943,7.27723299608607
47.24500074063752,-93.91179532626208
-101.72684959793719,52.26403085183662
-105.43286355344651,-117.44853572753115
49.78213284511642,-94.32469976044126
-58.92329333011652,-41.98508939016705
106.321320099594,32.96914891010297
-103.31290887392959,-99.7553830400335
106.068237782013,-49.10856007355355
50.909254426505754,-98.12592892539429
81.48965142516082,79.01356502533889
57.36771819462558,7.813587512355525
-28.903977150707178,-89.94840576777301
17.71332320160971,-125.69327842194843
-13.768273134290212,28.38849523737241
7.670495194567906,70.65323590496044
38.13380865929861,-128.22702811417284
-15.78810836898296,128.17044151260552
30.194079917254214,75.88993528434605
111.87886446765663,97.03833012566545
140.50599807025128,23.35131688479649
68.25303350937202,-129.4697529499166
-52.05309663887715,93.24582525543846
44.60099670848959,28.226074218852233
-90.87814056580943,2.8721046389955234
149.1886575336734,-64.4609655327645
-23.5773311651285,97.13550607402209
-7.947918696514108,-78.84492868120218
42.18044463843805,134.24250697332423
28.253818046024605,-28.023671807742204
-25.726405625754083,-130.79418573218697
123.4563982536722,-18.44853523066223
120.39584822071424,-2.2406223621788683
95.74210854434187,-3.933943327531665
-18.397596478950874,-93.93264758731843
-69.07894531233309,-72.69989711649184
-87.82220702065132,-135.71109207763845
66.77394872142247,-111.89832066253824
73.97956729546294,-92.50405544953146
-41.95119001170225,89.06982738071395
-123.55497300597217,-45.1087936109527
-116.41603072777724,-110.85556157035477
-86.6278916411544,46.60000942545685
-1.5371405514886192,-104.33988856667642
-133.28913800379257,-2.6936578474216333
-127.91884764325025,-116.17472613346938
-49.88990736867703,-56.24112302456804
38.31865994157894,52.09536814960839
-89.40549039983844,-102.24719934057197
71.69505701060365,-21.569804936500503
16.26859002608836,-21.584575998978323
-35.215793901486904,87.09587842385508
97.51136524623323,47.4976561044775
59.053118426340035,-4.644059223694001
41.95591779432286,52.806629717220744
53.73078863253815,-144.36096454530252
-25.433562727551845,-118.92188068304159
61.76072927464733,-69.02947220683659
-62.87323961097874,129.33133406881882
88.05417173106105,100.52650148401187
81.17566679289311,43.60562919363636
139.42765702295748,-82.23496383743509
33.62520888286909,131.64839822786985
-97.06772547702906,118.57947432709841
56.68137990465809,-107.73353529006609
-5.422931081832104,140.52824352301275
-12.216368117483569,-78.16698111418408
-10.858260046965029,103.93570551437853
-30.140361971779257,3.697033948993692
15.739757005135914,142.28324265337176
30.115660023830998,-13.627320390718694
82.6406452184853,87.67503525463738
113.05155560786488,-99.12008257382695
-11.235455530512013,130.02376939874864
-46.61218507601316,-97.10690032372923
-100.2476369637191,-129.75722507876853
-31.10097429562356,-53.600116654717084
104.5731006950524,21.398264289061586
-53.22035439675142,-39.009235821394
-27.243149613617106,-119.53726021692005
-72.66800075592154,54.54617902674477
-6.406308859294086,11.81821042255126
-100.18341592145703,-31.958300133924638
83.95792844173062,45.09783017459168
-13.612203232913544,134.95986755406022
91.2471277724056,64.21563690717775
11.898310979134777,0.8209661051332944
53.244090360647476,9.122576824476624
59.96360034068795,-104.03096197007127
124.97017456972844,-140.34991016930877
121.64002484577082,-38.4087092799343
-67.92460568285904,102.14403183114104
82.18491939445741,52.878397955426124
47.61110471977935,98.27230593430139
86.29288343751168,-6.742930674515748
74.34527087285934,-138.06186489318003
-144.00124369217633,-31.018191990157177
77.57763722210248,-125.81355392036026
-126.80122587383804,44.25476497735988
-31.87007820057667,81.59503648053547
-111.1087435651923,-123.2047339929964
111.6789598694507,88.42379502135842
54.70539874973156,113.11741974129956
4.686155301208061,-1.5825387362010588
96.54388452667538,-126.43052366354632
64.34941431001303,72.64056371040542
26.014351219764308,-76.39533493803492
145.4562325456613,137.17019767420408
-147.17814487089979,-46.96334311786636
19.07472416007849,-129.9715322248443
91.37543066223063,145.96726694661675
82.18793935219358,118.27066180000679
-120.2745932684156,130.87640478318787
-146.74573606521633,-43.092873683719034
-40.758510197596365,-86.054138099857
-27.93960840987549,-30.874320373595737
-142.20217098512435,-26.610427085536273
22.659494014195275,145.60379755661097
122.84484774725564,6.643438346433783
139.74243895485398,-20.608004809571156
98.51590693303186,-96.42336519180142
-118.90784558901302,-52.780381854379996
52.256522140789855,122.08902922469309
-126.85917324236789,-12.895173192554552
73.76726432616525,-120.13570507454254
-108.53161245782238,124.6181171947311
-23.370867067033103,-115.24662583255429
118.3746908029699,61.67876970405928
-142.25973526042029,60.531373004145166
116.48882502182585,-14.021600499214344
-82.38684234852006,44.48175663248949
-130.3490689234206,-80.67017208092786
-21.884168474623266,-11.62753000707346
65.93773068989276,-35.74744173532872
65.2124565600484,-67.35896707660542
48.132429327135725,-131.40035178818277
24.30958814834068,44.008868789088496
149.8170810314383,-116.50224845244878
-49.00633752672347,-4.447585885957579
-30.838004695809133,24.110037926967635
5.3764661669593465,-36.87665883315307
10.092799928915099,-37.33414920739858
-49.538760285388776,11.535409873356997
18.082599906066235,49.85300613640382
-39.78119306978901,-143.64571142437595
24.48125952332154,123.34840424630022
56.826148013692205,-134.486415464149
1.1408907626662597,113.19956206770439
-118.44601575653306,45.97628294659435
-43.884867652568886,58.469974952206826
117.77593254796085,108.35994034390654
-20.048501873195335,-74.14774630010463
3.3080422590321064,-59.1114414855997
-57.13835424945256,29.827162821650802
-86.3637157270824,-26.578548403818175
131.37409693740807,23.40121787933444
-88.75551787958543,-61.97891985029523
42.67490898224327,-115.1936821302314
-87.43227067271728,-142.00884538663456
-115.53769807060637,104.51221025339652
-13.72077680964722,-52.090927564881326
4.12975928786156,-76.3936486745194
130.67124215269138,35.63339634704232
98.13140293372763,104.85174352057703
56.540531400178054,-45.808451282824876
149.40821610695173,-61.442176810016804
138.96775759730576,59.98075488443732
6.685288469117836,-133.1397946022472
-145.44080868513396,13.797269823737253
38.92958302798098,31.54210409530171
3.3335770833992626,57.33134193179944
-80.9110253447246,-84.56257383466445
-2.43843541863194,146.89599264123524
-106.72630516423825,-68.63220611484505
1.0315751380919096,-11.346388537662165
-51.29681671162288,-122.66623830043278
-5.008894266838638,-82.27843972907404
122.62121245869133,-82.60141810459355
121.65240214312013,50.322369198145964
117.12740880965765,-87.79156594750832
-53.30643124831026,78.28054117853796
-99.00799722782735,-74.02057520525356
105.37634974923523,-26.843475265245758
86.47623023973537,89.82934146685466
-80.06000270703754,-1.976032039084032
31.015048699489853,4.599428356076658
-65.86406823389353,67.28643846046026
-90.56359291918562,18.419870530881838
-52.02345493724843,-75.53195338957843
-15.326969951766927,124.83696913969015
-65.11086871651338,-95.22987158322113
-127.0694176072937,83.00055429704207
-80.79084583419835,95.51315106744164
52.979147238142104,17.308694389135013
-46.790295293670425,117.30131846567963
95.54766614399648,-49.4571718446884
-113.98665599002864,-136.19694563962088
102.86514988824936,-135.42392335035797
-26.866003489222052,-107.19763692758434
-39.89866912549253,-46.030810060354526
139.86968884282174,59.84748295726686
90.86396892785947,-25.591984270779406
-142.96053078736904,-117.4007350127802
19.707928168029554,142.426899651653
102.65688804532047,89.3376297822295
-49.95698344477965,31.187838579804037
102.37671409642971,16.619039533399075
-31.083413392848442,68.77137253031148
119.05831170056496,33.350072224438094
-130.07697243426145,95.85360776693736
145.35707262472312,-45.81897413212856
-120.5732993137723,118.00538951054568
115.34941105566298,-80.83742041486629
138.62014836822345,-26.360519794393923
-120.50405029698152,-70.65489637569638
-135.85814708158446,-82.28165391918124
-1.3242390544888565,133.10847124896344
-44.945383944765396,-47.5366139958854
-83.27109223459608,138.61910774551535
-139.21877704998815,49.21436499833706
147.95760661174597,73.73110315243261
-13.225545259788419,48.10311876329928
81.1228502191444,-67.54159841629544
54.948603824889375,75.84553360995358
81.13803583007777,-143.4794151954404
-19.270596957715355,14.483518467014676
-93.74308541722925,130.2975437555349
112.71285449235319,-86.40611604938611
-67.93747324362911,77.54675571583854
-64.78853067377497,122.57814803072921
132.4121623820675,100.20509618985554
67.01791813458033,-50.7729253090404
33.97385006187426,-58.210940881858406
-16.79932309382204,-81.66276325520123
7.447298857096541,-142.30411834359285
98.27246092583991,75.955602568317
-105.04231065271672,125.16545493849071
-73.65031114775911,66.52260236131895
32.531033779730734,8.166674794682734
-120.65278100316999,59.209603718853316
8.12367345523137,75.04212494108842
-18.03411047768003,47.334667894046504
-115.57641038429405,-96.45411915194501
5.263372602962619,-38.4744382008452
-70.91343913794658,45.3757439469301
-139.96317227210574,29.261821479068544
87.11325153294288,-37.57070664373592
-58.354983579196414,-81.82562553869495
-28.817719162132576,83.2097773453047
-32.15359693610402,-133.91555488578823
-78.44126426981212,116.7258356694852
81.3344724793142,95.19330812312211
77.00514768955816,-23.36746860634294
144.42681190318388,5.57053115615841
-97.73202305692035,-1.738572247275755
140.3709260541006,-43.2455836382442
-40.69257616645787,75.48072456449358
99.9689528693971,-34.780742272632665
-127.07666123172454,93.14411905514999
114.09493175421085,-10.692065881477674
-69.97638089451355,48.177904813162456
47.26175432499136,-104.77571185735869
-10.758047153970324,-3.953485266341687
-64.4223247594247,-81.34261588573915
2.293154116193932,6.295318960723051
-72.6203390870921,11.956298476691728
-10.731312244082943,15.87033741930469
46.45785979214975,4.294361352062282
-59.8936244044522,-32.25442689001268
41.52345415140368,139.37251156397463
96.56944084451445,-138.53159219852776
-36.33258332951131,108.00397017140398
-98.96059556611262,-1.2915686338029388
-59.76638720562491,-36.88323063930028
-125.60191225780493,107.23805284772101
-131.58490879248933,-32.884773545306274
-17.4225058148576,48.311214224936606
39.69017204990399,17.888998635860162
43.88446456169646,-9.14806232690043
-74.10772755443934,-16.221529148392193
-30.587959332760377,-42.45304501413362
-138.89425230368087,145.7762590951441
-4.6025954564776725,-93.95683647712872
-130.69154828922393,62.81913210181756
-33.30140516512972,52.40669184031597
-101.88111670364333,131.15348254938124
145.61682243034767,-82.14221229632774
-142.6222247989266,141.49033309599378
136.96650101060243,-5.92020393478461
-61.15441349964961,-125.97185311712784
-142.06840755949764,-41.69375074405511
51.5615312636472,126.99883167302346
-87.38258446705157,73.42727268231013
140.9048245367904,-48.09395759017957
100.21159842804934,-38.05487234636874
-90.09753441171816,-142.1405232159936
74.45195301000643,44.945120519488455
-129.66799953667447,111.05676892874573
23.79177648694457,26.960564280915236
-45.08510439901663,-136.36055289323943
97.65704306099133,55.64694557702262
2.259973605338814,42.28690002048285
-9.489955844432956,40.72408585442042
-117.86165860017019,-26.817416093568298
21.52512576303951,117.37859008268305
20.592637878466405,-41.04189996929064
138.3303494406627,82.51706100249288
-14.942766957265519,138.86817706866952
110.94168223816212,-131.1705772536407
-126.49618047446447,-89.51544084954466
147.732395058976,-145.05547443128972
29.12550243700295,-128.50786062817727
-65.48573911379128,-60.86805064564119
-28.049917589105107,143.8637155692238
35.396989110947175,-110.6207151499708
-60.242528045297334,-81.27157159504524
-8.155132884344425,105.66132634868816
82.6725187757865,67.01850181806265
-126.93427853660592,-22.65498933230488
-125.32014548217415,-65.08569135878022
90.50775222403013,-123.53814075465434
85.6830080437361,25.679146258167947
-121.24295712226753,-115.96559755386104
-67.40221936092941,73.71939180603724
-79.93084663336667,44.95562268498773
65.47055324563553,-16.931395660118596
64.58292515349495,-45.9772808225331
47.517090684182506,129.76220686658172
-66.28467753444653,-18.578310619301533
97.83832279539934,81.15143411319991
116.16011405013882,121.47411132921053
94.94329918200697,-91.06227460305477
24.641334596656947,119.47659574739345
14.819514160314952,-83.68861640228721
36.303050769804486,-97.74762713838004
59.919767200876464,-82.04635441875178
20.048708086596434,7.321804399435791
-116.24272012435408,122.87782154942124
100.59823380889605,-146.1223225203492
-58.03404823216319,112.91745373014697
-1.7374133735291934,-137.1788355416898
-147.3615380577689,83.83169393616754
136.6918294678706,-53.50972124205924
120.38793317559316,50.99548108903255
-34.63694355649706,111.31665899282058
74.63192030273933,92.17051135619946
2.551766918271028,121.12683298312498
149.18237702645166,62.149678080342596
-76.85442015571864,60.19691192767584
-114.07828580078183,123.16753636674281
69.06384086738021,60.462534908576856
-125.62750878443376,-18.045543718083707
76.0553039138851,21.696068013547205
47.28343591828914,-35.04653084908466
-2.6535855351257567,-3.0439826743327956
97.12458410988344,-13.555049430509513
-89.16794892863666,-44.72928055351446
52.27428885993896,45.40196295760086
-55.15294212509937,24.383672335006167
-42.12879568349557,-134.50598966639103
-62.27226988662676,77.2002428721334
134.03558217261275,-145.85442062379445
-142.68379359123006,119.43279600261536
-11.659129926932081,-144.0676568197126
-54.49931479930851,123.37930128770057
83.76522194760645,-83.16997587723269
25.764102349890322,64.46460520992915
-117.73154981480775,2.628410227441634
-47.50537640821352,-132.97872838893736
113.49662504836448,-2.7799073997989296
82.64493253610095,-146.00690101925093
-90.44136454748796,132.0671721075537
17.182239116420277,43.45016550516644
-35.448388096667244,9.256425229404272
-91.65109591451534,39.23148921590155
-108.04036112085315,-146.9834489197689
128.55025351349462,-34.648452373061545
-109.65003640516068,132.78293632106107
-97.4938601475724,-12.025574417209725
-50.84396424891496,11.821577023693294
139.25714734719162,103.24625299683453
-36.91643585368561,-78.44425767771472
-61.851223547429555,-29.526262369180827
-71.69170917774693,33.53446644970879
-139.3114685954361,33.31907642452512
-6.3623041187659055,-146.5837187093423
113.48211461363292,-102.41600657977757
-124.44896605293802,39.254602952805925
-36.064462726508424,123.92500211662895
46.88754516170627,36.11364448343775
89.12611838501076,118.8042849095919
92.31081244786634,44.42926365941025
-115.97587905533264,-144.5129851158319
-142.00425271254267,-35.7306333784305
-94.75207954282973,73.7850453334375
135.5699687744227,-114.44437912850253
44.50659080639335,88.47872518519372
-56.750815468042774,-123.53343285278206
-20.871819123665603,-133.5765508097403
53.474173373946826,-34.636464578113305
-76.59846818093563,120.88699653054073
-90.01534070103139,79.22618608391338
-93.19943189020366,-8.619011451800219
-108.00986608982194,54.70885405799987
20.020392789902928,-68.25030109391018
-59.114591879237196,-10.801770825194069
147.00383955391402,-115.73791572268114
145.4313934129754,-40.93735755757908
120.61889344567737,16.531139092137636
147.1882838992849,53.49262036983461
-91.81049420936215,97.09848882877301
45.44538756776987,-112.52293070777789
45.56009208081946,45.86051666851205
-124.20793636285833,-39.70159154541561
-18.399998941438156,-18.85289798100419
-50.92705989700465,-11.700376393841964
141.09218829225028,50.72286989594505
-59.6043019025753,-51.29924836666217
-89.22629435999049,77.88227449316773
112.08174718339893,-104.80560149612616
45.92819192639894,-42.089288183587314
70.45694067985511,142.48985024892073
56.628431907717896,23.696884460799026
40.151214868179466,135.97293756060384
-122.35088524508528,52.71093510180012
105.89958901640748,-47.71382473553646
-83.97197349345613,-57.7013960517166
-27.136592646691042,-61.867159205339846
93.01201118350622,-26.03496361356413
7.620326814284141,-130.72393403105588
-144.69667331603904,-42.96986190384263
5.070528379457556,-140.71608524778782
48.54633935569308,83.08051478259247
-4.1576326302148345,107.93989917118319
-77.65427896982487,-87.938519382544
41.092190170643505,32.521286648290186
-77.75959735409388,123.21944596134705
-52.34441893906616,-122.96355403636865
68.13201580662388,117.5319565857746
-59.38804534752285,-23.398068291708995
-54.19427037707642,-48.36136015640801
79.94219021431914,27.907521744095902
-9.79647800250433,-34.417960870176444
93.53470821350825,-103.68142737505906
-59.78168556482906,-60.61080981567085
80.51269610543594,-133.56809791035084
127.17880289336546,-107.97609982938204
127.60387526470873,-95.33869038589283
136.2167333339275,-109.84566003737481
-69.81409423371284,147.82607148877287
-96.33545151863544,139.68070083447918
-104.80617959185464,2.886229538091584
-84.36766720016897,-94.65872625184164
97.08251406546071,-67.35579400377108
88.21808220870471,-13.262090940725841
-23.452230557979775,99.52776461768994
55.10022247207996,54.885888162850335
-61.96162580657297,-82.198400287508
-36.62243923875691,122.6368818244801
99.84806838674024,90.77638696198181
73.6541390803659,-49.43060843373168
2.4612680165793392,51.462729613616034
119.40250515944422,79.26605104220943
-140.09020642777983,-104.22859664878038
17.706885336404554,-33.007454669348306
112.72372720517671,146.7046694734135
-29.003173972286135,-100.52084594612757
-1.1805835469500323,148.2647120611669
-30.601446950038707,-91.93388276324725
-37.265316216251804,-119.18850457332476
-121.60882889267857,-125.19504899518098
-4.800896545817295,103.67202055747396
52.73731737621685,101.42609046344646
-1.7721645278450353,-145.9686417333564
141.51947870612685,-129.93119022284387
-111.40346264538096,121.64169244757579
-4.1041518867262425,-109.04976088771082
-45.213160300788616,-89.6468882826799
-43.65443690871538,16.049871699112174
-45.10314174303855,-104.64940690944024
73.15118880073419,100.61623470568833
20.76977784485979,137.62575642812902
77.49711207162423,-21.764774865220204
5.29400158532647,116.39695907076862
-76.6039435731789,-102.9004919394542
139.1591202177898,0.24570528198489683
148.1805661535081,-134.88679821838988
-36.49223438254553,-17.14841861107402
71.25991324293523,-106.76864504465954
-13.008425937392701,73.75825478733208
85.84469816268975,104.60274169907507
105.77573466472617,-44.919639346297416
-120.03030205660743,-117.29345520490453
-13.0162903283979,21.183280997317127
97.7033352308338,105.60080723876248
-74.75589770875136,134.88198009863157
-144.0399559701295,-137.61598754991022
120.72221983086365,46.99870350967424
50.02480282224266,-119.8948750153788
-56.29750349249308,135.25080529008733
-95.11232594489607,25.6400045446091
81.92242619717007,-75.31862752303422
45.65463914722284,-13.750047372426224
-82.39953320735118,5.623600824309875
19.633443002548773,56.72337289058237
-56.17733040233165,-100.92695359999668
-28.92321984672172,47.19923516394525
50.60297019926682,57.83797211610255
-52.42690396928582,50.791241848975744
21.214475893591782,-71.61421603991866
137.06941632929414,38.11124256513685
-78.53494174032343,-143.62568420924887
-22.62192904246257,-36.046270699891906
-34.95895044793855,-21.160766991943348
-14.12277075312167,-48.57178052295909
73.34822369971036,6.523313392142541
-90.56059051924196,-94.46927444708876
20.310906472948034,-83.69740001532506
-148.03409500463326,-110.54349756640518
7.165066403783754,-112.9271606005268
11.03766366333761,127.4068452479678
75.35372566422285,30.320904671090176
-85.73574802911111,50.01116217721
-111.20044855224103,-36.35476938562489
28.085893150131938,18.741215524152523
67.1013730575101,-61.9124906385224
-30.76965905610672,-11.937075176490197
-16.171636052236664,103.69941538535355
-127.61700998653325,78.53565644519227
93.28473647819015,145.90925827615928
41.96690057865263,-92.52466362425449
-8.740115355740784,127.75207289771765
54.048174466640376,-31.804048218732888
-8.12133487379566,-120.78795329511105
-47.679205936302154,-74.30244142208524
146.2979847157921,-52.15220394262403
-46.551503307520036,105.43103378763368
48.79568539731412,-8.859149029104913
-132.52837387949288,102.50719395745048
15.472219642572469,-26.89264789582417
-126.92492814471356,100.98572673519533
-38.25289032559411,4.379460492447038
103.14811279353009,-52.873419011272404
124.1688976029169,-111.8566192534872
-55.11845536336047,114.46565761379071
-6.344910173898143,130.61120037462956
-75.59192892961177,-83.81043393128999
-2.9230602511212,69.29820181535635
-19.160507829949978,62.24935239234236
-49.36539054593102,70.65196359797767
62.760844128586086,-122.53835432838494
139.83737280587496,-130.2730422868496
-64.78970315450401,-148.318231365194
97.07284028754665,-65.80257605344424
-111.76649506748086,-6.879269029181074
-43.10636512155331,93.97881339138249
-23.16003430471848,-94.44669970001506
-64.11610223743273,146.07276196093397
-67.02499408756161,-27.76906149480108
135.42530639187123,67.02459714863537
143.2129823761885,58.18549517729517
-130.79225169653233,-12.089205619757081
29.833615018791903,-98.05649265635557
7.905728849906353,-99.99944535954718
-148.04307620044784,138.6096379561963
66.88129264841916,57.33552393420541
142.63187558468263,43.7158191858438
21.530815730408335,133.69502281932336
-88.72217722768019,114.73138410310685
-113.76807646569969,104.60675631180638
113.05995453675126,122.01872455704313
70.20616763078738,138.8457696107269
71.72903240031818,144.5613608109332
-81.24274874039521,-108.58004767550018
-15.598737630518542,-70.4175785453668
16.213470422019583,-15.841536581702485
-25.560199400483143,16.89047656626306
36.207357590377995,-13.688120984461108
-23.125470068077945,-148.06284235075424
-125.74110267892438,-121.44131699669195
37.14826894139284,-32.706571315672136
-135.7098759021975,79.48833201388985
147.56235327236413,140.37609500681947
-2.208024788873729,92.46629955773977
80.28732111831957,-41.83061558129479
-50.70798843513606,44.85149395979454
-81.30486700360228,-10.893798513495284
-36.67116845722177,-70.82320562797779
-45.62493544377567,115.47339421367104
-94.80114942567556,26.07928768908741
56.352408649582514,-82.86291419873176
-48.18806676202098,101.62869229798267
0.26877643773642035,4.154349148726709
77.6759703120758,-54.56029357107607
128.4534664171698,-20.054838245509842
-27.510813049679555,121.07272588087238
-113.07048171097256,-30.211326891566557
-3.8544656191047864,-5.19599917794983
86.08025016821901,-80.13083994658409
-133.89983493730546,-1.2716369021219407
-34.60355590292856,-14.947452473902985
118.002392621073,108.63056286557452
-83.41117878479139,-146.10777597685754
35.69632395831513,70.3958506430339
41.18464321744213,43.780908684608534
69.49876647432231,111.2153181203584
112.37155857769693,47.96971455594573
-70.97753295100418,59.40260904419793
-146.70395780361753,-107.3825249229399
69.08178184473178,116.08167669844062
93.79379706630527,149.15456117023615
15.86856500936284,81.64357994820665
-7.776769870608803,-97.88020654113038
127.44465729736936,24.0960519136585
75.80844241992969,71.8151463736852
113.37979109039009,-139.6571333543138
26.674541373949836,-62.19252929785317
114.52880132363003,35.29476291898857
28.197472749738495,-77.86083918152052
-16.997067213337004,30.769194271721517
-143.51690137361862,34.41627435881517
-136.86980044575841,25.804104030972184
146.31754943558718,-126.99948774256566
120.39958842026601,44.1896222348569
-7.556998246552297,-58.66532684889212
-34.00508834003138,82.83652089945514
35.300053309655425,-109.59452212216812
-5.876380552202676,145.0549639825474
126.20616331091941,41.57137522047023
-127.50499269889626,-138.24810350980374
-127.27306046033513,-35.12092323781846
85.54898502679293,-126.09101268187193
33.9709018191343,143.6026709162096
105.83541533170887,-58.226156349945484
-149.0040327095683,19.92304339666083
-120.66857626289095,38.808587836733665
-45.128104868569935,-6.267035995418524
17.619882394311702,-39.78900989398444
-93.80075014878238,-115.41955034311435
-61.747888176907324,12.677296670454723
-110.47733151093651,-22.058181090609267
63.007679759634584,17.620086405343727
52.9880361483016,110.4100856544693
64.52577826632333,-111.52548475063101
59.24722064545145,-104.62799087892586
-13.652412555245064,67.54783891234538
70.73338672093388,-9.347185440176077
-90.80405596734528,33.78300924979587
-29.612618781221116,53.39988859044024
1.6522801007755845,-20.74620784906412
-54.931957686895075,83.76494903269469
104.701682350407,-60.6091929819798
-114.12651051340471,119.7794474602432
17.496992772932145,-1.7303384785680862
-119.82308939114307,107.12693361889319
96.04662476764025,-22.285421749837795
-23.067522986472326,141.64306474035703
-83.43471259665272,-132.95690050697635
-13.364112344970806,-29.70060445249335
145.12081326163616,98.47514703603326
-0.398771716576249,4.79215282278048
-6.6869503610392655,35.398484093759265
70.33570511774067,98.51424217466365
147.10163414608496,88.09696449688238
46.373683181146106,56.577315197885895
21.54629038024345,-48.541461452931216
56.61648686433895,68.25640081794228
-108.96305935382256,-83.52632373740218
-80.23246675387772,-112.24802835893065
118.0954727830619,-141.59340861280108
-91.3297482380138,-101.6215399358988
64.7381995828394,-6.7603125866990865
-32.34714421063032,121.32336998772342
44.80637037120903,-106.88678658680125
-118.53458045649363,-126.5743449345413
123.97170650081443,-15.293702392968413
132.11648426281107,73.81151644259367
-40.443871224610916,-12.851903712447609
2.5334049969907255,28.46488402578933
-65.5268484020602,12.98503855904849
100.9807926347872,-39.270939456373796
78.209457761149,-101.44419699555309
-37.71539339326834,105.40318809395495
-66.80611726924576,-66.53668370860247
85.49614953869528,-78.21818877620616
-124.11324337477454,80.58239210933448
36.26122296898481,-20.784684435972792
-124.72080656949458,-130.92415889407712
-33.07106143450538,50.47345159616589
94.60795925501526,52.0648528581751
136.9274751446518,35.98388940663975
68.59597125037479,88.09309458401324
61.95411426831035,-97.36680974678264
39.30793377072706,28.584310757295782
-81.17177412560828,-147.9975768114284
-108.00011199599118,117.90499381879187
111.43622560348717,-40.4891215242764
-16.686736214709754,-85.86272257762572
-5.45031015562688,-131.41473268131244
57.715174880271064,84.93763948725271
-122.13999558253498,-88.80839090550833
109.33473254376986,-104.26101652645552
5.8147749595680125,26.815325570102146
-74.94531587417485,1.8047213882841788
-75.29884185828057,-129.29110640677507
-65.40680207838923,-46.23073415987649
10.741779052006024,8.541794708236893
81.30164128366044,-86.12350221258149
66.11113871131846,133.20582912327825
95.55175527250731,-67.67740237306792
-147.07946690091734,-116.27080445155877
-147.31952955573348,-90.41733330040103
107.91227103724049,-1.5746973451599047
145.94985941571179,54.671772591814005
-51.158448510786954,21.16848079967312
-41.70847429831184,116.27188786823712
-7.14610479934899,94.06729562420762
120.65246844162743,-106.90704520794085
-118.71971957880942,130.09389073332966
65.71889114392815,-75.45816139925806
-97.29754586911562,71.07904635204832
-108.74825396332085,-52.66071487179036
-149.21079356357734,-40.99191220285337
13.286212529519617,72.92560021769924
129.59748721484817,-127.8365450771946
-30.47875434790464,-128.77258599134638
-80.5826570493739,44.17648015814794
92.13691217178274,-76.47107237356143
-26.175666941814598,-116.69497659831521
57.85231544775641,55.8467128383368
-54.46536991718435,32.869710585222606
-128.1013719214871,-37.81715809247382
-138.15554058468697,143.6203457406407
39.04616364171483,-67.03202195849238
19.481195460749973,33.1948650259736
37.448040903212075,-133.72547277026257
62.36060586645897,4.006597178073065
-7.884257641770915,35.65570877108286
144.90718148243258,-20.952184327921117
-5.188049057133696,-14.140320645164223
122.89769281344883,-28.429705783636166
-39.31279501524645,-86.20912334218009
106.20296018444583,108.34826207958565
-103.63567229817102,43.27033410618995
-38.17468258006423,0.7542479924539407
20.306388914540747,106.84316785475363
96.05928676365605,-20.231429617112298
55.05433489109788,19.093639723482966
-142.5563133473238,-68.16163507071927
140.2587216901021,143.7625071048139
-105.72055117346514,20.274930072354834
38.03676042121381,120.49067732890018
55.299357216151236,7.06366051377438
0.14960326344095165,122.88384618707613
82.2835806724666,-97.37495695438409
-69.2165630434159,118.92511848849603
-141.98687343140588,-43.6895766821179
149.29235255314046,54.57500468928458
-60.699426278496304,91.44188933795533
24.03782355776258,-115.00407776970675
-6.692380492837145,138.71143439804666
-122.91513361276174,32.21791170795325
121.51708908746468,-25.735385196847076
-139.74449325852865,102.3834446407711
134.98630974742588,-130.14803599909027
-76.45270322591152,84.86102333318277
-112.45510349817147,-14.049503811169956
-102.35733092854014,51.69520069259974
4.023669674176801,-47.29291440715613
-30.15391297502694,0.05715975116743266
28.78447958675764,-110.16596357940062
137.63370357729013,83.4665788764168
17.65160505721849,-22.489150770510662
55.226392816011014,95.69031605574608
-61.15409223312513,-100.89671881722813
146.05101078651091,42.91870233526387
88.09879315421358,-66.39295485474723
-132.5130982542903,-51.020579877167094
-90.96165276762105,18.48728383819079
-35.18983101963535,-74.25292388046256
112.14830942282555,98.09961838849486
-31.704058845175226,-100.759402588395
-79.16899973491272,-45.82962440182142
20.14999271214404,-101.17320082526533
41.984558670256064,4.70534340966563
147.51302114288825,104.45091086348398
-31.674965097814336,-149.23875893230775
-133.8470269031542,-21.408298568267696
-40.534744081935386,-127.98755136346476
114.21950007872817,19.03138533093727
-69.05502411551191,-48.05341603923618
31.742087019135624,-18.600961756062986
-53.5111225021796,-84.15480334541617
-79.87736352567617,75.07331317325941
-108.0803935294585,-120.7287675183531
-137.69362254749234,-69.62055356572469
119.01638974349851,-147.27825162303566
36.37857091641661,143.87927613630694
-83.59916945790455,127.21838409681823
84.43223270806226,-139.28449702895384
-110.8482889114087,148.9641476840643
-0.06300226391425667,26.458365439866895
-70.34711269286457,-145.30604194569366
-45.74278861880762,-57.95153106777255
-41.78703228091935,-42.44440984320859
-1.1245497524257928,135.72576286371435
17.05521425651932,102.10481889447436
29.323264677319514,101.83546259625379
103.8060881126919,91.44912345016706
-141.8587577412998,-77.319966713026
-37.245245320408216,-131.13851050916568
-64.0470928758407,-1.9498427039396518
-18.58610845995321,-129.1131250111317
120.74794692697293,-37.68391319917525
-50.551878962950596,61.0528200406861
-132.5298948843601,-92.07827675752554
75.97341159096317,-13.454927242330598
73.46041627848012,-89.49307467617805
24.631696473726663,-5.122711242531125
-139.86740062593353,-104.82040236680099
-47.83764272161237,79.22161202472259
-99.10256486128647,114.28795370252419
-40.68427751118321,124.82405488882523
121.01312715592945,90.32133705661568
57.02335878959525,37.90438865877843
-147.46956083791463,4.871827926642425
121.05446235556394,-7.918021383123346
-108.71837474501646,-126.85594689265021
-139.15211105742756,1.2254789792253007
-121.73702434657454,83.62392084633515
92.76600345321125,47.37617757374238
29.740279030618638,134.4418897178121
-37.368157331190304,-41.405866094955186
-101.1237450974296,-120.80860210556247
-66.60949566148834,-75.5952034725563
-10.087444802212588,-136.96493543272877
-148.41809426770553,37.89089717617594
39.84409277311923,47.821593586588165
112.75415766296186,-101.35270649956269
-107.28893653228218,82.2540701419386
-142.8831347385165,-14.91307966585046
-78.41168445646527,144.55132766363073
146.02880443262808,-94.73933703891998
142.89100471246746,51.253523829961324
48.7221592296637,144.7370954600617
9.3367364723035,-37.573949490305154
109.06084645519155,20.91298147216662
-56.86592521136589,-40.873824640627504
121.83351327437157,-93.42987752043288
47.08317329242968,140.44209245000184
3.7348399336241016,79.87101856760003
-99.16970347616275,34.5174413066033
-110.22239644431268,-96.61918847508129
143.47818341784256,-3.0445257890905566
-25.767159408540877,130.0890294680308
-116.80189843390605,96.47969531222017
-142.22454494919356,122.87902206304585
-68.6284901994246,-4.724514978314744
111.21070804352468,81.29941995111153
29.602611856173354,-70.54940965558487
35.967112965873724,-69.18937017410526
60.02906923367155,-61.287689892227135
0.4227822899681257,-136.88473369464108
43.26216173597405,10.468374632399275
99.51233223649467,46.790698701453096
-96.00884885543181,-46.49884408797321
-94.72726075208523,-61.01050341080868
53.668352132930096,-133.74459918126934
-88.5888181026339,-137.3344532801226
46.49033916392659,-3.9634469268663395
59.7967058282384,-121.339382145343
136.8160308176915,54.37252090263348
-61.58086986135683,-147.39369106350307
21.651653625337502,4.284240058531111
107.16491382259716,89.59360427105366
-121.13878576411854,-115.36192165674794
101.45085362877876,-79.802661708725
52.81475188183657,91.39210883316079
126.48075001786333,-115.38955137952789
-77.20396754219901,-106.94372812888312
-66.21158711261769,-34.711846279479346
-50.851717117821195,-71.37841931806842
-84.75722877710017,25.02991407238011
126.37998404977026,-45.23333646338932
16.520796117717538,16.81456211541456
-143.3559652257587,-135.31714370581776
82.65644137804941,-95.05430205948095
129.26510496156425,-114.92884399361328
-128.78483055081728,-55.461982976357504
20.36355381488869,-145.1955630455056
125.78945271549566,89.40944300904849
-119.19548880864673,105.79715393088273
10.14120264028358,133.64671179380832
72.54855951483268,-29.533059140648845
-14.245910180031444,102.16597297237618
2.5542972799460415,23.60161001274372
-45.45307902476205,-81.39910955228547
-92.00084360602939,-69.4665003768074
-79.18960544936914,-128.94220405987053
0.8099912078435807,97.3414138402552
-74.08707640086489,52.83459597105107
-11.640596573936506,24.955697978426144
73.83825394574907,-34.56674569455184
32.02808315551576,87.4313905759656
50.61167850187414,-145.62277881981586
-74.71637351246503,96.54388515394265
118.86496464569387,-144.4543840544639
-57.94390111520728,42.893628237681156
100.54418261170815,-109.39929836820409
-91.91831274586733,64.27514282342617
-64.58082378092712,-40.29090398797517
-12.655417910076096,68.10144052102393
52.508165487502424,99.09545298384813
147.6048375064941,61.30718885521185
-107.05766749965096,6.968605358573086
112.3629081581688,-113.66275685991386
38.12926768532583,-78.00640419102912
77.89405675980359,148.1892032645115
6.476996723281729,53.054153397952746
-5.05191764200444,-8.939268804161031
-71.61846570658189,-27.80671416989793
-24.509283736808612,-63.508879095844776
74.046372060914,106.2519269503913
118.83384609456164,60.88904646695727
-132.29219254939912,58.45539622454453
7.740886051517549,87.37636972716734
-33.06524998688019,-12.159574265345043
132.60029897975147,2.216997313099455
-141.3650173893171,89.93322307721442
-122.42759664858532,117.79478911943045
1.903150524930993,-147.86326016229356
8.397656034077443,125.49985095531957
129.9800607113006,135.49841129354144
146.32604949023698,-53.83379888340332
96.09667241758373,-128.26273243200856
64.40726901212668,17.99274978313761
36.20384935485262,-145.83398056190276
-44.5192188384643,70.9756370602201
-37.477387944768296,129.43060727253226
-68.13250380048986,66.25316896459196
73.8863260543329,-4.282056668468016
-11.732529727854711,121.9719314057599
57.65933185299562,-12.338378161618976
27.211310152440603,88.86674228034192
-22.21354523713805,-44.014108442273
-14.64040673414334,-19.432557776404565
67.60475335657867,75.38129912042197
90.42947304446696,0.8985646969112224
74.51433490273587,32.94292546954256
30.803471550633333,-140.2807059214004
13.483389638959096,64.69069162165317
43.13035755137793,-44.8089820646655
63.119385076095284,99.71759729811407
46.68578599408002,83.82218956950535
-130.5106906889265,-15.153250445135342
-115.97716439745778,-139.17699085203316
116.56536375823424,-123.60554039955711
-45.567317151608265,-118.28318078085364
-116.68749615306828,-95.47977458022623
-134.21157917293561,102.92071797473625
97.94821140909536,118.49007102884633
71.52402122839794,-52.71080579600071
-91.40466360839793,83.2194637814537
-132.9309206846523,-139.60947764640815
-85.41442464089509,-41.53909407022286
-83.24795836092503,67.21517785764826
-34.33151175506728,-119.21564354744069
124.85023121207871,1.0165452219791575
-33.985332487675805,-94.35555834874506
120.08055699136025,25.896478212043263
67.32794353705688,125.46005875991182
-111.56670447308694,145.21877169835733
-145.90963457545823,-38.25863040560921
-91.04447838654497,-67.2673034642689
108.23505142287621,-130.8535380313722
96.32495909035302,-127.18775495312508
-29.756797396684973,-81.16620830738952
25.76341221266324,-134.13581019611829
148.40245858742475,-73.35501286932346
-13.371097808773868,-55.19357725880482
-123.10266273399367,48.694488838455186
-110.07251758605616,-64.25640773303546
-148.24051626868766,147.56695959408688
71.07859832480739,-83.1265950378491
103.25020019415769,37.308429821517024
61.57257621522422,-117.95686950661525
132.36067980807974,18.748544337470975
-137.21768296286126,-2.535127155002556
-102.22922274393768,102.08041263841858
78.05249883875237,-87.41030297329249
-112.3772625628958,-59.32092616305337
-34.2943011635664,-16.303551223223934
120.91663100357118,77.37173259168259
-114.01475778369925,-56.90909001554817
-41.02214148246756,-132.98500518478122
-4.608877279610823,101.00511370566494
-66.81857434230717,47.74766989344997
90.23847853661039,-114.27412007997523
46.44938802364649,133.28702504671202
-30.3363058985705,-69.52734794139921
16.677875665134536,-92.73471471092469
123.834654125643,16.395254423517883
-132.69276817704517,-148.876779969737
93.40990335730015,76.10094094889484
122.12537793827505,-91.48375565913383
-46.59780313671395,-76.46910305565314
-70.79166353063417,-70.28023433406901
125.78898451586349,148.8353932235571
-148.93723014296032,68.0278679703346
102.51303628130859,102.45015450113445
32.997789608989734,-145.70655446299438
-66.14156363592872,145.76042040303963
1.6342237102337265,-15.418597470259414
95.18816285847842,130.4393115543807
-79.05805473262853,-56.35224033001229
53.64557255977405,146.75753635859803
-35.487057720452654,-48.86751737669019
-124.64464082209008,-71.29109446241974
-92.28890067856372,32.07991398297614
-52.9762175658458,4.7170162129786775
91.04046809103318,-33.29188134614647
14.372025429686346,20.23721809028106
-108.91475025796953,-78.70731649073053
-104.1796159078077,-93.71642039699702
-76.480798164665,-112.10966201244676
149.80092835399665,-148.80529536554056
-45.00471680305597,-71.45876465080629
-12.25827411415844,57.45236130112926
-134.49479512755326,-117.69326516019704
-124.89102296284983,-23.14634882922273
23.540862178056102,77.3059716186817
44.3123386525229,-3.1842197464299886
-104.68642881242206,14.893393269923337
-52.965455884925035,-145.2620249509385
145.15661432680588,73.09422701374001
-86.72773633045283,-82.8098944401325
-126.62457119711611,84.85235270418357
4.7402445940324185,2.6383457014484577
-26.73195933562826,-71.112350639221
-85.29605239016418,-130.22031904113393
30.11794549712249,-10.333090274223082
14.588703005434809,-84.71161862419294
67.53143397261329,1.5701269353184841
-43.66218702145376,-95.53082429209817
124.88171578546115,108.02682657396042
90.98973521525957,110.32194198370956
-63.50061924478052,-33.99207777609547
18.568313760685015,-72.6358727982224
76.40911043392526,134.33491380175997
-95.52182879718467,51.859193641537246
92.61515986377805,7.375109045637259
-97.88497430797973,78.8803977403023
145.5967922508944,120.58868377687855
-12.418781763628687,-146.71509453286606
-98.13704711096833,-128.376889302047
-13.029019574070276,74.79253333727897
122.50866036120749,-114.77333274321448
113.09219231885726,142.92232923698344
-101.25730895798799,42.30430084042723
-93.54045245129,-80.2831444637983
116.1887569001401,111.49651684962328
-49.95554386376145,25.145484887520865
121.06806577596558,43.74857570057722
-119.17530068641582,52.027821074901254
-113.2640829214316,64.5698794574009
-129.87547903417519,124.21340452738082
149.16843181393517,-41.96086823598348
104.03854915446513,-42.92496077242454
99.06132304421789,-67.31920069098891
-90.72795030599241,71.41939400115953
48.184476565676334,-149.421836316498
-98.5734080935676,134.7769843341958
-15.099792713096235,15.917129962651245
-131.35605674416377,-11.945092354830194
0.7217650151609405,-51.99476818955739
-147.03072330659893,35.76533801417395
-107.86882555231071,-27.65912836097756
134.09784843584532,-26.202164699074544
-90.05058500634128,119.40837527118595
68.5516119264233,-56.54779601286697
60.78646435700776,102.01754107613974
146.7464659390664,-8.836939600656734
101.54130816748776,-66.39404704991611
0.8664896371830082,82.94076904124103
143.63905937819084,1.0120091029623381
107.03744281148215,130.9182696124222
-41.130995440816974,-67.68939390294243
55.0104026233453,36.61381141702179
-117.821171818847,36.04937948212665
36.563967831708254,-48.66033780830064
-17.498335005167974,11.401179407631162
18.074974994975037,-82.25765860825345
-49.83544420346945,-86.55164943234934
-75.41270920306307,68.40260187709944
-4.279289753867289,47.99843799694028
-10.594588275924309,79.22682323661283
95.5010064382326,-10.927923373994673
-34.33959266311862,85.2054554548665
-2.8338036600995054,85.38480374756449
-148.01695063139152,-46.01333173368077
-75.37990317625217,-76.87321880130106
-87.13759437251558,87.73074607696128
13.088249764277379,-33.66198505222371
-38.56248617943368,-90.4224539670436
-42.65692078992734,143.32282259009105
50.730944416600124,141.92818705720163
113.15571359370017,-45.474860526913446
-67.20109136023578,36.644841770235615
85.94659150801468,77.59867208304283
-59.98535554763309,-22.226298594000156
60.922286723735056,-128.1333283331471
-27.178277584095866,-109.89756285848878
-56.67121705957683,145.55754225361892
-128.74764494833073,-94.13616507427628
75.0944192859128,-39.93886247770661
-105.92318764649279,-79.72265294036906
-137.48281626140505,53.33069786052167
-32.46939980732063,-99.69469672700063
67.70042242275633,-82.92484790065704
27.46698556273836,98.9261851197443
76.77828284599838,-132.1281163781784
-35.68867264187591,-32.045875529550756
101.87778288644049,-139.10142740792597
74.19281179979569,-75.71711780914328
-103.10199274800104,95.12975751110642
-122.1605523336801,-65.24282250561771
-91.94665021449248,-139.10991920755123
-129.73338326773634,-117.60383225505286
12.184641920721049,35.49240910847291
80.60887200137077,-45.801835992798416
135.2965061008975,5.984522808270896
-62.61451941915864,-143.24554070968517
-149.624953202075,94.39296010093267
-115.21328903243777,35.09164756584178
-83.37335644511649,109.87966976237368
-90.69972257884149,-10.140694052274256
66.93422273861555,147.04300536443293
-121.60190301561369,-95.23971566934794
-133.9222668770294,82.62018909453516
-66.20590429184374,-88.36267488327034
-116.38132029325813,-124.20663877756652
74.54925697963071,106.58260088687149
65.9823781535332,100.33376358306185
147.0094114547183,-19.79289126939932
108.85035391296339,19.67595962075052
19.714987864905595,47.41102235988407
-114.06995548022826,116.8618902634962
47.130204278715695,-68.42420030759153
-133.1525470149157,107.259720318738
-108.38678756086449,-51.940359881178736
76.69925085235027,-64.68414747353225
-14.878610912011737,101.51875462917337
-11.333647510951266,-5.029529414336167
119.0190871852758,-12.411047030101344
6.102429191397135,8.863260026888526
74.07376176475822,60.45865772920001
30.781195047871364,-145.0122193331693
44.322692092722235,-79.20563929402373
89.37902914361305,97.55876076650966
-88.19125094329627,-44.568595005856224
73.4267090517379,138.84902956797185
-75.05617801880386,-9.657405048696319
-120.78591517744815,24.97685593535445
-9.827702895715817,-56.434768123149354
112.38394086192022,-84.22942009609116
5.279367148828925,119.2493750365266
31.02856119564933,-12.884018375671872
-7.550539035377426,-102.91183771910092
-101.5511587792922,145.33525929464196
19.084042986678867,-116.74838236345768
118.40463656656675,27.333919922947388
-127.95787346905796,-63.07930959083345
-84.50247278802186,65.91012696806322
83.73377968134699,-67.87730477022728
-36.03500587705294,-16.806887421176867
-86.81226470282624,-1.2242107800136353
74.7388685497989,136.4504626585039
36.01440658892474,12.294222545737
-25.849820783335943,112.40858399539985
103.70410505678126,-82.0485427328168
-54.80954114658489,-13.924679059742317
14.735165524210402,47.25714071875413
113.57359862554603,-0.9784875715745329
123.02749126401784,53.185052438791416
57.16176062182805,56.00997855453596
72.24113666349453,99.03550387481818
4.54778357755518,-140.08020154815543
-96.67880928793156,24.03118043723768
